Group,Br_MCR,NB_MCR,Exposure,Low80CI.WeightMean,Up80CI.WeightMean,Low95CI.WeightMean,Up95CI.WeightMean,Low95CI.UnWeight,Up95CI.UnWeight,,,
3_5,3,5,0.12127169,0.091371087,0.152192583,0.074618697,0.169723333,NA,NA,,,
3_9,3,9,0.05638711,0.044961878,0.067610717,0.039644121,0.074195829,NA,NA,,,
3_10,3,10,0.069584443,0.051369695,0.088276486,0.040955191,0.097614271,NA,NA,,,
3_11,3,11,0.070356679,0.051034032,0.089793333,0.040950979,0.09983615,NA,NA,,,
3_13,3,13,0.085366206,0.070024349,0.100248223,0.062313481,0.108267949,NA,NA,,,
3_14,3,14,0.127987312,0.103623602,0.152531267,0.090761842,0.167465298,NA,NA,,,
3_15,3,15,0.10035787,0.082201546,0.119249554,0.072062651,0.129038705,NA,NA,,,
3_16,3,16,0.074802527,0.055196557,0.09353257,0.045945707,0.10326837,NA,NA,,,
3_18,3,18,0.06518544,0.051435329,0.079038342,0.04419719,0.087129988,NA,NA,,,
3_20,3,20,0.098022264,0.082134119,0.114246079,0.07393043,0.122771994,NA,NA,,,
3_22,3,22,0.043578814,0.03262551,0.054419974,0.026260088,0.060094159,NA,NA,,,
3_24,3,24,0.10692117,0.085415248,0.129037517,0.07385886,0.13996814,NA,NA,,,
3_28,3,28,0.084344827,0.069183985,0.099116652,0.061178434,0.107328647,NA,NA,,,
3_31,3,31,0.074085079,0.055271253,0.092693239,0.045905027,0.102563029,NA,NA,,,
3_33,3,33,0.061959812,0.049259308,0.074258576,0.043051866,0.081536168,NA,NA,,,
3_122,3,122,0.110987933,0.051477983,0.168828709,0.020145295,0.19888542,NA,NA,,,
3_134,3,134,0.099944858,0.055406859,0.143553291,0.03379737,0.166686469,NA,NA,,,
3_143,3,143,0.076129306,0.046859755,0.10481034,0.030959326,0.121362266,NA,NA,,,
3_162,3,162,0.067287609,0.030470592,0.104173999,0.011662202,0.123653823,NA,NA,,,
3_171,3,171,0.070481252,0.026039955,0.115428877,0.00203005,0.140279746,NA,NA,,,
3_173,3,173,0.133486473,NA,NA,NA,NA,0.006756968,0.293248401,,,
3_201,3,201,0.123674887,0.06507235,0.184999572,0.03144237,0.216548464,NA,NA,,,
3_202,3,202,0.134231854,NA,NA,NA,NA,0.006794095,0.295837414,,,
3_203,3,203,0.135663239,NA,NA,NA,NA,0.007467929,0.29447201,,,
3_204,3,204,0.134980675,NA,NA,NA,NA,0.007006525,0.294293689,,,
3_211,3,211,0.134364057,NA,NA,NA,NA,0.006894277,0.292188583,,,
3_212,3,212,0.121113479,NA,NA,NA,NA,0.030262181,0.208908356,,,
3_213,3,213,0.087504893,NA,NA,NA,NA,0.004516963,0.186780773,,,
3_214,3,214,0.087812378,NA,NA,NA,NA,0.004264278,0.18666139,,,
3_221,3,221,0.087776644,NA,NA,NA,NA,0.004627614,0.189234551,,,
3_222,3,222,0.088694276,NA,NA,NA,NA,0.004659972,0.18764256,,,
3_231,3,231,0.087857117,NA,NA,NA,NA,0.004373497,0.187280021,,,
3_232,3,232,0.087993291,NA,NA,NA,NA,0.004327213,0.187850073,,,
4_5,4,5,0.145832045,0.123385533,0.168434933,0.110939109,0.179822986,NA,NA,,,
4_9,4,9,0.074260842,0.063777246,0.084738307,0.058243856,0.089905495,NA,NA,,,
4_10,4,10,0.060304652,0.046504944,0.073881297,0.039072805,0.080865488,NA,NA,,,
4_11,4,11,0.07251574,0.054911752,0.090279525,0.046431623,0.09966002,NA,NA,,,
4_13,4,13,0.037161605,0.028723423,0.045924453,0.023551566,0.050650171,NA,NA,,,
4_14,4,14,0.074606529,0.062742553,0.086697381,0.055885167,0.093750705,NA,NA,,,
4_15,4,15,0.126642454,0.101324284,0.15293612,0.086826983,0.167562526,NA,NA,,,
4_16,4,16,0.070528013,0.054179789,0.086748803,0.046026931,0.095980491,NA,NA,,,
4_18,4,18,0.072259867,0.061204099,0.083575402,0.054863964,0.089008127,NA,NA,,,
4_20,4,20,0.074175309,0.064348818,0.084252641,0.058927784,0.089294028,NA,NA,,,
4_22,4,22,0.044512898,0.034272105,0.054973457,0.028967047,0.060247263,NA,NA,,,
4_24,4,24,0.048520065,0.040977662,0.055763103,0.037357947,0.059801449,NA,NA,,,
4_28,4,28,0.06905079,0.056073099,0.082662688,0.048363498,0.089690317,NA,NA,,,
4_31,4,31,0.068292132,0.053358394,0.083347392,0.04499864,0.091686739,NA,NA,,,
4_33,4,33,0.071824439,0.060601627,0.083139233,0.054770536,0.08899137,NA,NA,,,
4_122,4,122,0.08130588,0.048534813,0.114445453,0.032528901,0.132307485,NA,NA,,,
4_134,4,134,0.086392365,0.058605913,0.113571696,0.046418295,0.128446014,NA,NA,,,
4_136,4,136,0.062508868,NA,NA,NA,NA,0.003406111,0.129107207,,,
4_141,4,141,0.062303685,NA,NA,NA,NA,0.003423335,0.128644177,,,
4_143,4,143,0.080848342,0.05426167,0.10845831,0.039776028,0.121841483,NA,NA,,,
4_145,4,145,0.06226049,NA,NA,NA,NA,0.003188376,0.129151089,,,
4_151,4,151,0.077237967,0.046402142,0.107704282,0.031363718,0.122173382,NA,NA,,,
4_152,4,152,0.084381162,NA,NA,NA,NA,0.003610807,0.192037017,,,
4_156,4,156,0.062188796,NA,NA,NA,NA,0.003367265,0.128868644,,,
4_157,4,157,0.064492696,0.030320988,0.097435003,0.012367037,0.115363276,NA,NA,,,
4_162,4,162,0.069898077,0.047047626,0.092901825,0.034656683,0.106297667,NA,NA,,,
4_171,4,171,0.065636548,0.039851097,0.092488759,0.026392025,0.106494663,NA,NA,,,
4_173,4,173,0.06827373,0.034745044,0.101269401,0.016914611,0.120223976,NA,NA,,,
4_201,4,201,0.068212739,0.038928977,0.096878079,0.02370656,0.111497224,NA,NA,,,
4_202,4,202,0.073552398,0.027965976,0.118772792,0.002759056,0.142773178,NA,NA,,,
4_203,4,203,0.147194417,0.028283633,0.262012142,-0.028457374,0.322286856,NA,NA,,,
4_204,4,204,0.086271152,0.039311109,0.133335017,0.014521838,0.161450412,NA,NA,,,
4_205,4,205,0.06694628,NA,NA,NA,NA,0.003723599,0.138260639,,,
4_211,4,211,0.200483086,NA,NA,NA,NA,0.064561613,0.350896233,,,
4_212,4,212,0.081388227,0.041266404,0.120629835,0.019642743,0.141168293,NA,NA,,,
4_213,4,213,0.064205445,NA,NA,NA,NA,0.001807147,0.174439967,,,
4_214,4,214,0.063965218,NA,NA,NA,NA,0.001822568,0.174287982,,,
4_221,4,221,0.136303972,NA,NA,NA,NA,0.046057772,0.227910584,,,
4_222,4,222,0.110549281,NA,NA,NA,NA,0.019397593,0.207857699,,,
4_231,4,231,0.107767137,NA,NA,NA,NA,0.017647367,0.206419239,,,
4_232,4,232,0.151190161,NA,NA,NA,NA,0.066567227,0.240453384,,,
5_5,5,5,0.25218372,0.202603111,0.304670117,0.176638494,0.329922593,NA,NA,,,
5_9,5,9,0.088840529,0.073458991,0.103259828,0.065511176,0.110756841,NA,NA,,,
5_10,5,10,0.057074292,0.040076017,0.074104828,0.031467182,0.082800803,NA,NA,,,
5_11,5,11,0.046081204,0.027500019,0.064239836,0.017978047,0.073509668,NA,NA,,,
5_13,5,13,0.041007384,0.029344398,0.052655387,0.022928978,0.058622617,NA,NA,,,
5_14,5,14,0.029180728,0.020280993,0.037683395,0.015886898,0.042407093,NA,NA,,,
5_15,5,15,0.093711442,0.076062731,0.111414329,0.066326072,0.120346133,NA,NA,,,
5_16,5,16,0.055184727,0.039128814,0.071452306,0.030263698,0.080206621,NA,NA,,,
5_18,5,18,0.037910123,0.02629457,0.049447074,0.020341339,0.055406128,NA,NA,,,
5_20,5,20,0.051752109,0.039237539,0.06436823,0.032887836,0.070056341,NA,NA,,,
5_22,5,22,0.026777167,0.017529268,0.036269274,0.012171263,0.041185361,NA,NA,,,
5_24,5,24,0.025421633,0.017833091,0.032748577,0.013591929,0.036668895,NA,NA,,,
5_28,5,28,0.038807507,0.027241546,0.050149285,0.021192701,0.056456763,NA,NA,,,
5_31,5,31,0.042124547,0.027751753,0.056185307,0.020382763,0.063502105,NA,NA,,,
5_33,5,33,0.071615991,0.060063755,0.083684355,0.053459768,0.090354112,NA,NA,,,
5_122,5,122,0.076219497,0.037184343,0.115782531,0.016903475,0.136017852,NA,NA,,,
5_134,5,134,0.08206627,0.048758663,0.116299381,0.030846403,0.133388094,NA,NA,,,
5_135,5,135,0.096632152,NA,NA,NA,NA,0.002692912,0.237730462,,,
5_136,5,136,0.096288092,NA,NA,NA,NA,0.00256162,0.233592017,,,
5_141,5,141,0.093676612,NA,NA,NA,NA,0.00646284,0.177651838,,,
5_142,5,142,0.074371551,NA,NA,NA,NA,0.003894287,0.154066062,,,
5_143,5,143,0.098748703,0.073782627,0.122768129,0.060823202,0.135745517,NA,NA,,,
5_145,5,145,0.101802935,0.065934133,0.137581605,0.045762721,0.156791568,NA,NA,,,
5_151,5,151,0.073033088,0.048002431,0.097261929,0.035226753,0.108903592,NA,NA,,,
5_152,5,152,0.08032706,0.033283445,0.128111986,0.009132894,0.152563566,NA,NA,,,
5_155,5,155,0.113012795,0.067261973,0.160851487,0.043805248,0.182312319,NA,NA,,,
5_156,5,156,0.098519062,0.062856301,0.135175275,0.043320088,0.155080779,NA,NA,,,
5_157,5,157,0.082457585,0.058047252,0.107218502,0.04446481,0.122065688,NA,NA,,,
5_162,5,162,0.035403414,0.017453739,0.05303058,0.006904382,0.063262847,NA,NA,,,
5_171,5,171,0.040653154,0.01832251,0.063589579,0.005010885,0.075546905,NA,NA,,,
5_173,5,173,0.067696283,0.020282626,0.114117892,-0.004647355,0.139109156,NA,NA,,,
5_181,5,181,0.096556805,NA,NA,NA,NA,0.002544346,0.239501167,,,
5_183,5,183,0.095167138,NA,NA,NA,NA,0.002310521,0.233009883,,,
5_184,5,184,0.112859521,NA,NA,NA,NA,0.006690724,0.235940752,,,
5_201,5,201,0.060260431,NA,NA,NA,NA,0.002296631,0.145486846,,,
5_202,5,202,0.058712769,NA,NA,NA,NA,0.002110333,0.144849919,,,
5_203,5,203,0.060268094,NA,NA,NA,NA,0.002253944,0.14637572,,,
5_204,5,204,0.057712799,NA,NA,NA,NA,0.002041618,0.143138696,,,
5_205,5,205,0.060356956,NA,NA,NA,NA,0.002389318,0.146378163,,,
5_212,5,212,0.060319197,NA,NA,NA,NA,0.002261772,0.145950336,,,
6_5,6,5,0.133904205,0.085253665,0.180556027,0.060367917,0.206615599,NA,NA,,,
6_9,6,9,0.062796374,0.05374478,0.071534503,0.049298045,0.076422064,NA,NA,,,
6_10,6,10,0.058005397,0.047389302,0.068210016,0.040976566,0.074118005,NA,NA,,,
6_11,6,11,0.096372704,0.082670952,0.110094563,0.07461709,0.118053309,NA,NA,,,
6_13,6,13,0.07177377,0.062055104,0.081142263,0.056681564,0.086514641,NA,NA,,,
6_14,6,14,0.056306512,0.048386974,0.06452931,0.044310743,0.068738829,NA,NA,,,
6_15,6,15,0.066457791,0.058125184,0.074916923,0.054173281,0.079316088,NA,NA,,,
6_16,6,16,0.080664025,0.066524336,0.095513578,0.058841622,0.102958428,NA,NA,,,
6_18,6,18,0.073118884,0.064509445,0.081505288,0.060455546,0.086378845,NA,NA,,,
6_20,6,20,0.095628174,0.087543038,0.103856015,0.083290112,0.108441198,NA,NA,,,
6_22,6,22,0.078532336,0.068670694,0.088410983,0.063414734,0.093773735,NA,NA,,,
6_24,6,24,0.070556338,0.06371629,0.077260182,0.060012877,0.080631452,NA,NA,,,
6_28,6,28,0.074717892,0.065300657,0.084114645,0.060319393,0.088866951,NA,NA,,,
6_31,6,31,0.074002999,0.063454378,0.084790046,0.058138919,0.090615658,NA,NA,,,
6_33,6,33,0.074501688,0.065018213,0.084226519,0.059996997,0.089023493,NA,NA,,,
6_122,6,122,0.078894343,0.059569889,0.0984119,0.049426468,0.108234143,NA,NA,,,
6_134,6,134,0.088514368,0.069457319,0.108236598,0.060030736,0.11870865,NA,NA,,,
6_135,6,135,0.101079568,NA,NA,NA,NA,0.015437006,0.19942592,,,
6_136,6,136,0.08126441,0.046686104,0.114387304,0.028832209,0.132527629,NA,NA,,,
6_141,6,141,0.071362149,0.039689384,0.102106019,0.020653991,0.12015845,NA,NA,,,
6_142,6,142,0.129848738,NA,NA,NA,NA,0.037750676,0.220941686,,,
6_143,6,143,0.080053054,0.060889269,0.099096976,0.050693145,0.108627284,NA,NA,,,
6_145,6,145,0.062318699,0.027543544,0.096210274,0.009309024,0.114979144,NA,NA,,,
6_151,6,151,0.093975577,0.076221188,0.113091835,0.066304551,0.121860534,NA,NA,,,
6_152,6,152,0.05914789,0.025852894,0.093793897,0.00574843,0.112650722,NA,NA,,,
6_155,6,155,0.06526026,NA,NA,NA,NA,0.003047328,0.141104889,,,
6_156,6,156,0.079972435,0.053142071,0.1075124,0.037626449,0.12227338,NA,NA,,,
6_157,6,157,0.08167829,0.061589533,0.10206399,0.050435369,0.112710879,NA,NA,,,
6_162,6,162,0.066636173,0.050834582,0.082136351,0.042148438,0.089977486,NA,NA,,,
6_171,6,171,0.070282167,0.044585454,0.096719487,0.030052885,0.110743686,NA,NA,,,
6_173,6,173,0.070247581,0.038171545,0.103267458,0.019977095,0.122404942,NA,NA,,,
6_181,6,181,0.050088706,NA,NA,NA,NA,0.00322885,0.096725633,,,
6_192,6,192,0.050128876,NA,NA,NA,NA,0.003053491,0.096940961,,,
6_201,6,201,0.064438407,0.041975321,0.087136652,0.029732804,0.098457576,NA,NA,,,
6_202,6,202,0.078257311,0.03167413,0.126390935,0.005813047,0.153464311,NA,NA,,,
6_203,6,203,0.078689021,0.029101365,0.127161246,0.002393893,0.153672177,NA,NA,,,
6_204,6,204,0.077704606,0.029686192,0.126312741,0.002514446,0.155082964,NA,NA,,,
6_205,6,205,0.064598243,NA,NA,NA,NA,0.003386054,0.135890532,,,
6_211,6,211,0.143154752,NA,NA,NA,NA,0.00844169,0.30367511,,,
6_212,6,212,0.063317099,0.036162248,0.090116361,0.019830973,0.104937931,NA,NA,,,
6_213,6,213,0.087400644,NA,NA,NA,NA,0.004604721,0.187373332,,,
6_214,6,214,0.063906628,0.031615736,0.09588584,0.010514283,0.115846513,NA,NA,,,
6_221,6,221,0.074309286,0.046405999,0.102993325,0.029794365,0.120029705,NA,NA,,,
6_222,6,222,0.068956542,0.038821668,0.098757646,0.023335181,0.11694632,NA,NA,,,
6_231,6,231,0.070414823,0.039770033,0.099861396,0.02225806,0.116155817,NA,NA,,,
6_232,6,232,0.07664519,0.047783651,0.106132449,0.031300366,0.122698155,NA,NA,,,
6_241,6,241,0.050534145,NA,NA,NA,NA,0.002945813,0.097478723,,,
6_242,6,242,0.050284467,NA,NA,NA,NA,0.0030024,0.097128814,,,
7_5,7,5,0.075838423,0.063159823,0.088795134,0.055607152,0.095245196,NA,NA,,,
7_9,7,9,0.074299999,0.062281959,0.086197063,0.055841226,0.092356472,NA,NA,,,
7_10,7,10,0.071131604,0.056299418,0.086347901,0.048173643,0.094046818,NA,NA,,,
7_11,7,11,0.071327285,0.055762047,0.087035548,0.04687713,0.095269606,NA,NA,,,
7_13,7,13,0.077797195,0.06635669,0.089039097,0.059790802,0.095175,NA,NA,,,
7_14,7,14,0.106724461,0.085180025,0.128330308,0.073677146,0.138897238,NA,NA,,,
7_15,7,15,0.076253344,0.066059143,0.087006486,0.06047265,0.092150009,NA,NA,,,
7_16,7,16,0.083960687,0.069738838,0.098516941,0.061947579,0.107044394,NA,NA,,,
7_18,7,18,0.077892292,0.066177302,0.089475682,0.060257593,0.096076858,NA,NA,,,
7_20,7,20,0.09034685,0.079767711,0.101237078,0.073954837,0.106916807,NA,NA,,,
7_22,7,22,0.089305249,0.07591931,0.102206746,0.068950237,0.108921557,NA,NA,,,
7_24,7,24,0.09633163,0.08655862,0.106255619,0.081212061,0.111388669,NA,NA,,,
7_28,7,28,0.072774116,0.061105657,0.084758622,0.054964434,0.090802332,NA,NA,,,
7_31,7,31,0.075740726,0.062587181,0.088800769,0.055639724,0.095637178,NA,NA,,,
7_33,7,33,0.084233228,0.072680273,0.095918793,0.066497945,0.102006385,NA,NA,,,
7_122,7,122,0.080104663,0.05484174,0.106179263,0.041355287,0.120915448,NA,NA,,,
7_134,7,134,0.08159845,0.057851248,0.105773226,0.045720485,0.118284808,NA,NA,,,
7_135,7,135,0.10036197,NA,NA,NA,NA,0.005750867,0.210993447,,,
7_136,7,136,0.072960115,0.033135039,0.113443733,0.012338304,0.135447911,NA,NA,,,
7_141,7,141,0.064688206,0.030485414,0.097615399,0.01190873,0.114986081,NA,NA,,,
7_142,7,142,0.099717467,NA,NA,NA,NA,0.005479726,0.209469733,,,
7_143,7,143,0.07541478,0.052507597,0.099005872,0.038783448,0.112313657,NA,NA,,,
7_145,7,145,0.064559647,0.031486197,0.098778142,0.013732105,0.115341802,NA,NA,,,
7_151,7,151,0.072996692,0.048479421,0.097840467,0.035245973,0.112121692,NA,NA,,,
7_152,7,152,0.098657258,0.046552601,0.149687873,0.016550615,0.176554203,NA,NA,,,
7_155,7,155,0.066571115,NA,NA,NA,NA,0.003321195,0.138388596,,,
7_156,7,156,0.070725368,0.03918684,0.102027241,0.023642299,0.11843182,NA,NA,,,
7_157,7,157,0.069517996,0.042257458,0.095434411,0.029852832,0.110104645,NA,NA,,,
7_162,7,162,0.070942469,0.050842107,0.091279099,0.03958159,0.101804026,NA,NA,,,
7_171,7,171,0.100978241,0.040743625,0.161397293,0.009090937,0.195896147,NA,NA,,,
7_173,7,173,0.068050838,0.035063682,0.099914794,0.018010715,0.118458664,NA,NA,,,
7_201,7,201,0.075156803,0.046080321,0.103669951,0.030222696,0.11845592,NA,NA,,,
7_202,7,202,0.118289972,0.037720099,0.198887197,-0.004828854,0.238119716,NA,NA,,,
7_203,7,203,0.134294118,0.034803474,0.231929625,-0.01498071,0.280859643,NA,NA,,,
7_204,7,204,0.118888149,0.038848628,0.201878832,-0.003500548,0.242750308,NA,NA,,,
7_205,7,205,0.066598521,NA,NA,NA,NA,0.003394171,0.137407327,,,
7_211,7,211,0.09666089,NA,NA,NA,NA,0.003526887,0.24919535,,,
7_212,7,212,0.065606409,0.026453709,0.106217664,0.004669587,0.127467472,NA,NA,,,
7_213,7,213,0.061101497,NA,NA,NA,NA,0.001871846,0.174724796,,,
7_214,7,214,0.075850067,0.016578792,0.13671549,-0.022520618,0.175766132,NA,NA,,,
7_221,7,221,0.173095306,0.113317636,0.232468431,0.081584364,0.266134827,NA,NA,,,
7_222,7,222,0.107171411,NA,NA,NA,NA,0.017673037,0.211792274,,,
7_231,7,231,0.078786951,0.014983851,0.141838117,-0.01782547,0.173380004,NA,NA,,,
7_232,7,232,0.173006547,0.114195757,0.232609372,0.08002204,0.266503082,NA,NA,,,
8_5,8,5,0.033876188,0.025219052,0.042339382,0.020869607,0.046757408,NA,NA,,,
8_9,8,9,0.048161138,0.037251881,0.059618744,0.03090576,0.065456469,NA,NA,,,
8_10,8,10,0.054146164,0.039449743,0.068871839,0.031691061,0.076359195,NA,NA,,,
8_11,8,11,0.062471771,0.048243295,0.076001427,0.040641439,0.083639659,NA,NA,,,
8_13,8,13,0.105197401,0.094052707,0.116693036,0.087847441,0.123118,NA,NA,,,
8_14,8,14,0.195341649,0.143273701,0.247895746,0.116955889,0.27688995,NA,NA,,,
8_15,8,15,0.048179622,0.038993427,0.057603352,0.033673279,0.062466509,NA,NA,,,
8_16,8,16,0.062483503,0.048232198,0.076583791,0.040361507,0.084188387,NA,NA,,,
8_18,8,18,0.063346049,0.051931535,0.075000046,0.045910131,0.080653771,NA,NA,,,
8_20,8,20,0.081217269,0.068849069,0.09355084,0.062662093,0.100074393,NA,NA,,,
8_22,8,22,0.080805849,0.06806412,0.093818111,0.061440635,0.100586008,NA,NA,,,
8_24,8,24,0.106106397,0.095931591,0.116431564,0.090038002,0.121444045,NA,NA,,,
8_28,8,28,0.064241413,0.05584823,0.072904704,0.051510374,0.077332308,NA,NA,,,
8_31,8,31,0.075257035,0.060989172,0.089327345,0.053728616,0.096742784,NA,NA,,,
8_33,8,33,0.060646336,0.049053518,0.07212336,0.042646273,0.078191003,NA,NA,,,
8_122,8,122,0.106357635,0.051060575,0.162135012,0.022284421,0.192111177,NA,NA,,,
8_134,8,134,0.097878129,0.054409641,0.141125058,0.032123241,0.162943211,NA,NA,,,
8_135,8,135,0.096781078,NA,NA,NA,NA,0.005023958,0.208157789,,,
8_136,8,136,0.095935895,NA,NA,NA,NA,0.004698796,0.206875525,,,
8_142,8,142,0.096265932,NA,NA,NA,NA,0.005224415,0.206800051,,,
8_143,8,143,0.075393477,0.040616874,0.109854742,0.022513465,0.129619909,NA,NA,,,
8_151,8,151,0.078545917,0.042040334,0.114602725,0.022902869,0.132786592,NA,NA,,,
8_152,8,152,0.097197722,0.044946156,0.147932076,0.016781873,0.176013701,NA,NA,,,
8_156,8,156,0.096570817,NA,NA,NA,NA,0.004786647,0.206932899,,,
8_157,8,157,0.071755713,0.030519552,0.112724669,0.008812592,0.135701024,NA,NA,,,
8_162,8,162,0.086129656,0.05935984,0.1132998,0.045195489,0.126859909,NA,NA,,,
8_171,8,171,0.083711465,0.052913012,0.112847018,0.035624217,0.129055754,NA,NA,,,
8_173,8,173,0.076076501,0.028938717,0.122882119,0.001700166,0.150885516,NA,NA,,,
8_201,8,201,0.09506429,0.049502618,0.139609933,0.022670065,0.165477888,NA,NA,,,
8_202,8,202,0.076647051,0.028794119,0.123588674,0.001825517,0.151364256,NA,NA,,,
8_203,8,203,0.07678138,0.028174126,0.125053272,0.002308891,0.150909822,NA,NA,,,
8_204,8,204,0.076234752,0.029052726,0.12381914,0.004811642,0.150307109,NA,NA,,,
8_205,8,205,0.062991417,NA,NA,NA,NA,0.003031481,0.134576505,,,
8_211,8,211,0.143177923,NA,NA,NA,NA,0.008586806,0.307844487,,,
8_212,8,212,0.062783393,NA,NA,NA,NA,0.003136473,0.134568735,,,
8_214,8,214,0.200939134,NA,NA,NA,NA,0.012165893,0.432257109,,,
8_221,8,221,0.202501747,NA,NA,NA,NA,0.013162497,0.434234021,,,
8_231,8,231,0.200328662,NA,NA,NA,NA,0.013193913,0.432291696,,,
8_232,8,232,0.195639702,NA,NA,NA,NA,0.011424378,0.425645556,,,
9_5,9,5,0.061987025,0.052837753,0.071078231,0.047930783,0.075760088,NA,NA,,,
9_9,9,9,0.16467622,0.129786125,0.199770059,0.111234047,0.218988495,NA,NA,,,
9_10,9,10,0.070946566,0.056205739,0.085619314,0.047780161,0.094068771,NA,NA,,,
9_11,9,11,0.049738796,0.037317498,0.062042923,0.030835498,0.068765039,NA,NA,,,
9_13,9,13,0.045832286,0.035204683,0.056673777,0.029584781,0.062332787,NA,NA,,,
9_14,9,14,0.035401246,0.027461683,0.043445652,0.023378704,0.047796873,NA,NA,,,
9_15,9,15,0.14484367,0.119391354,0.170538039,0.105492463,0.1845321,NA,NA,,,
9_16,9,16,0.08700082,0.071259606,0.102176547,0.063248022,0.110003985,NA,NA,,,
9_18,9,18,0.036931322,0.03056517,0.043362739,0.02750508,0.046928083,NA,NA,,,
9_20,9,20,0.046280295,0.039213845,0.053469379,0.035494175,0.056844553,NA,NA,,,
9_22,9,22,0.047589332,0.037199983,0.05840081,0.031398008,0.063838739,NA,NA,,,
9_24,9,24,0.029457234,0.022906251,0.035525637,0.019345851,0.038827631,NA,NA,,,
9_28,9,28,0.042431975,0.033640193,0.051455127,0.02890372,0.055745029,NA,NA,,,
9_31,9,31,0.083881025,0.048002819,0.11965998,0.028766744,0.138695407,NA,NA,,,
9_33,9,33,0.113466418,0.10304148,0.123793602,0.097632392,0.129484431,NA,NA,,,
9_122,9,122,0.079918589,0.062863805,0.097547773,0.053655762,0.106805925,NA,NA,,,
9_134,9,134,0.094105749,0.080916261,0.107178982,0.073890955,0.114143812,NA,NA,,,
9_135,9,135,0.10917031,NA,NA,NA,NA,0.007223354,0.218880728,,,
9_136,9,136,0.102064554,0.048460185,0.153686984,0.020145341,0.182452985,NA,NA,,,
9_141,9,141,0.051728835,-0.004927421,0.105349811,-0.032538903,0.134956559,NA,NA,,,
9_143,9,143,0.104452652,0.087000241,0.122446156,0.077515185,0.131568992,NA,NA,,,
9_145,9,145,0.087948706,0.055299147,0.120259153,0.037934363,0.138595224,NA,NA,,,
9_151,9,151,0.058136732,0.04757954,0.068792836,0.04170446,0.075066149,NA,NA,,,
9_152,9,152,0.097718403,0.045986902,0.149781269,0.017509637,0.175367177,NA,NA,,,
9_155,9,155,0.122186105,0.091029764,0.15388894,0.07272289,0.17033626,NA,NA,,,
9_156,9,156,0.021063752,0.001758022,0.039692008,-0.010222389,0.051673304,NA,NA,,,
9_157,9,157,0.063616648,0.04923806,0.078101703,0.04145656,0.086072518,NA,NA,,,
9_162,9,162,0.042500547,0.02746215,0.056964446,0.01990962,0.064750113,NA,NA,,,
9_171,9,171,0.038859607,0.018611562,0.059056562,0.007955038,0.069048068,NA,NA,,,
9_173,9,173,0.048354884,0.022166011,0.073903607,0.00809773,0.087991683,NA,NA,,,
9_181,9,181,0.051911618,0.029690111,0.075119037,0.017077151,0.086445899,NA,NA,,,
9_182,9,182,0.074046975,NA,NA,NA,NA,0.003629094,0.158123075,,,
9_183,9,183,0.109314081,NA,NA,NA,NA,0.006848776,0.220367948,,,
9_184,9,184,0.047690485,0.020699737,0.074314297,0.005240353,0.089835613,NA,NA,,,
9_191,9,191,0.073393341,NA,NA,NA,NA,0.003028203,0.157344976,,,
9_192,9,192,0.066099613,NA,NA,NA,NA,0.00353299,0.134366116,,,
9_201,9,201,0.046830332,0.023699141,0.070398037,0.011473456,0.082197192,NA,NA,,,
9_202,9,202,0.041631651,0.015031198,0.068047619,0.000431956,0.081645521,NA,NA,,,
9_203,9,203,0.041755943,0.014282204,0.068088011,0.000150457,0.082997664,NA,NA,,,
9_204,9,204,0.041453063,0.014796603,0.068352588,0.000262893,0.082566157,NA,NA,,,
9_205,9,205,0.042026933,0.015141903,0.0686935,0.001348038,0.083826872,NA,NA,,,
9_211,9,211,0.031888262,NA,NA,NA,NA,0.001064506,0.08222506,,,
9_212,9,212,0.047252469,0.024040537,0.070517363,0.011368575,0.08308319,NA,NA,,,
9_213,9,213,0.032096143,NA,NA,NA,NA,0.001070439,0.082673317,,,
9_214,9,214,0.043380063,0.017574094,0.069395912,0.003121288,0.08284263,NA,NA,,,
9_221,9,221,0.049889028,0.027652457,0.072087956,0.01590141,0.083965642,NA,NA,,,
9_222,9,222,0.067183049,0.02909625,0.105947256,0.008832572,0.12402869,NA,NA,,,
9_231,9,231,0.04596752,0.020828133,0.069680769,0.008271923,0.083056362,NA,NA,,,
9_232,9,232,0.125061522,0.032963227,0.216346681,-0.016018629,0.265580487,NA,NA,,,
9_241,9,241,0.042832168,0.01732256,0.068377929,0.004174018,0.082252489,NA,NA,,,
9_242,9,242,0.041964792,0.015388753,0.068759994,0.001115995,0.083389127,NA,NA,,,
10_5,10,5,0.12214286,0.083821682,0.159180169,0.063976831,0.179084092,NA,NA,,,
10_9,10,9,0.105157263,0.095415395,0.114903135,0.090561865,0.119976169,NA,NA,,,
10_10,10,10,0.161285031,0.118825302,0.204073621,0.096444767,0.226065646,NA,NA,,,
10_11,10,11,0.068815975,0.054779272,0.082986709,0.047361718,0.090439444,NA,NA,,,
10_13,10,13,0.039943921,0.031183869,0.048511616,0.027031726,0.052831032,NA,NA,,,
10_14,10,14,0.047075579,0.038164554,0.056446431,0.033155151,0.061337586,NA,NA,,,
10_15,10,15,0.096878788,0.083044882,0.109795546,0.075947712,0.117678504,NA,NA,,,
10_16,10,16,0.094779175,0.080042348,0.109921617,0.07160634,0.117434972,NA,NA,,,
10_18,10,18,0.073334776,0.064805848,0.081395723,0.060504141,0.085852052,NA,NA,,,
10_20,10,20,0.055769098,0.049080793,0.062762716,0.045532232,0.066314002,NA,NA,,,
10_22,10,22,0.060492495,0.050258393,0.070139985,0.045072652,0.075499425,NA,NA,,,
10_24,10,24,0.035898614,0.029449545,0.042241996,0.026229551,0.045649556,NA,NA,,,
10_28,10,28,0.057058589,0.047664227,0.066144138,0.042751116,0.071334496,NA,NA,,,
10_31,10,31,0.040098188,0.03161491,0.048616328,0.027194815,0.053038964,NA,NA,,,
10_33,10,33,0.106572487,0.09508538,0.117892985,0.089092435,0.123874146,NA,NA,,,
10_122,10,122,0.090121415,0.069546661,0.110943466,0.059515243,0.120614925,NA,NA,,,
10_134,10,134,0.101001068,0.08268271,0.119076796,0.073611624,0.128986257,NA,NA,,,
10_136,10,136,0.085940472,NA,NA,NA,NA,0.003696045,0.202527057,,,
10_141,10,141,0.022447234,NA,NA,NA,NA,0.000498117,0.086754186,,,
10_143,10,143,0.106991584,0.079250875,0.133325057,0.065899047,0.146758967,NA,NA,,,
10_145,10,145,0.083696325,NA,NA,NA,NA,0.014245888,0.155320796,,,
10_151,10,151,0.099064615,0.077746877,0.120988024,0.065829229,0.131993559,NA,NA,,,
10_152,10,152,0.077555934,0.027288327,0.127681205,-0.000365467,0.150496963,NA,NA,,,
10_155,10,155,0.104878814,0.071412579,0.137854826,0.053786091,0.155665477,NA,NA,,,
10_156,10,156,0.05454,NA,NA,NA,NA,0.001910225,0.13588837,,,
10_157,10,157,0.094858393,0.071555054,0.117531424,0.058918328,0.130977643,NA,NA,,,
10_162,10,162,0.065339081,0.046468307,0.084869776,0.036932486,0.095549332,NA,NA,,,
10_171,10,171,0.031855132,NA,NA,NA,NA,0.000857363,0.106655553,,,
10_173,10,173,0.036178018,NA,NA,NA,NA,0.001070085,0.114805152,,,
10_181,10,181,0.056359408,0.02585575,0.086876874,0.009656438,0.103281399,NA,NA,,,
10_182,10,182,0.077182338,NA,NA,NA,NA,0.004186219,0.159586709,,,
10_184,10,184,0.076931643,NA,NA,NA,NA,0.004188419,0.159387144,,,
10_191,10,191,0.077121512,NA,NA,NA,NA,0.003952472,0.159842013,,,
10_192,10,192,0.048808457,NA,NA,NA,NA,0.003010227,0.095060457,,,
10_201,10,201,0.048148548,0.019610774,0.075487765,0.005546028,0.090213634,NA,NA,,,
10_202,10,202,0.041050952,NA,NA,NA,NA,0.001263267,0.121716214,,,
10_203,10,203,0.047182342,NA,NA,NA,NA,0.001441345,0.129517806,,,
10_204,10,204,0.034923079,NA,NA,NA,NA,0.000957716,0.112469989,,,
10_205,10,205,0.048839951,NA,NA,NA,NA,0.00156242,0.131114116,,,
10_212,10,212,0.048179896,0.020081827,0.076708451,0.00467993,0.09041926,NA,NA,,,
10_214,10,214,0.048665505,NA,NA,NA,NA,0.002823588,0.095538545,,,
10_221,10,221,0.067415699,0.038226019,0.096620648,0.022474514,0.111841195,NA,NA,,,
10_222,10,222,0.056773857,0.019147248,0.093232898,-0.001427977,0.113327675,NA,NA,,,
10_231,10,231,0.056982082,0.021094105,0.092648109,-0.001396786,0.115295113,NA,NA,,,
10_232,10,232,0.087867118,0.041199641,0.135279162,0.015147466,0.159135081,NA,NA,,,
10_241,10,241,0.048584545,NA,NA,NA,NA,0.002885838,0.095071527,,,
10_242,10,242,0.048616572,NA,NA,NA,NA,0.002911591,0.095713658,,,
11_5,11,5,0.032047687,0.023635615,0.040655926,0.019352179,0.045112497,NA,NA,,,
11_9,11,9,0.044210787,0.036664777,0.051529525,0.032515575,0.055472521,NA,NA,,,
11_10,11,10,0.071045609,0.058272992,0.084012722,0.051488434,0.090589804,NA,NA,,,
11_11,11,11,0.129453738,0.116285202,0.142985574,0.109581879,0.149589532,NA,NA,,,
11_13,11,13,0.04004245,0.032971171,0.047118866,0.029136695,0.050808234,NA,NA,,,
11_14,11,14,0.040745263,0.033264959,0.048001438,0.029511231,0.052014887,NA,NA,,,
11_15,11,15,0.039142661,0.033029117,0.045103301,0.029870606,0.048042624,NA,NA,,,
11_16,11,16,0.089040829,0.073462712,0.105048365,0.065047701,0.113598863,NA,NA,,,
11_18,11,18,0.092884811,0.083769327,0.102195149,0.078225013,0.107067536,NA,NA,,,
11_20,11,20,0.150847626,0.127749787,0.173363692,0.115046288,0.18572186,NA,NA,,,
11_22,11,22,0.093816094,0.082456209,0.104989682,0.076144816,0.110763146,NA,NA,,,
11_24,11,24,0.10013356,0.090277507,0.109674548,0.085023057,0.114810552,NA,NA,,,
11_28,11,28,0.049421141,0.041304461,0.057266818,0.037302899,0.061378728,NA,NA,,,
11_31,11,31,0.056866892,0.049278207,0.064681418,0.044942075,0.068728414,NA,NA,,,
11_33,11,33,0.071604419,0.064458097,0.078752509,0.06025103,0.082330721,NA,NA,,,
11_122,11,122,0.058948994,0.044559447,0.072725416,0.03718926,0.080402962,NA,NA,,,
11_134,11,134,0.066421569,0.054306329,0.079248052,0.047752749,0.085288294,NA,NA,,,
11_135,11,135,0.167606745,NA,NA,NA,NA,0.078961539,0.27056148,,,
11_136,11,136,0.068671542,0.032157054,0.104785367,0.014114058,0.124258197,NA,NA,,,
11_141,11,141,0.064955249,0.037389445,0.092981308,0.022948578,0.107500752,NA,NA,,,
11_142,11,142,0.092404634,NA,NA,NA,NA,0.004411526,0.208063732,,,
11_143,11,143,0.082396226,0.057114807,0.108947953,0.043945044,0.122605249,NA,NA,,,
11_144,11,144,0.165983279,NA,NA,NA,NA,0.04050554,0.296193706,,,
11_145,11,145,0.031082592,0.008946471,0.053217031,-0.003271256,0.067312825,NA,NA,,,
11_151,11,151,0.095993235,0.06888804,0.121277671,0.053510873,0.136195847,NA,NA,,,
11_152,11,152,0.133233586,0.093929416,0.171387987,0.072610961,0.193807785,NA,NA,,,
11_155,11,155,0.049361849,0.005154407,0.092714627,-0.018794,0.116036431,NA,NA,,,
11_156,11,156,0.076580846,0.045806813,0.107418876,0.03092491,0.124114507,NA,NA,,,
11_157,11,157,0.071125167,0.055753377,0.086702799,0.048069761,0.094801815,NA,NA,,,
11_161,11,161,0.020294773,NA,NA,NA,NA,0.000437402,0.088566076,,,
11_162,11,162,0.056392574,0.042864108,0.068926694,0.035494154,0.076007154,NA,NA,,,
11_171,11,171,0.051349447,0.033545058,0.069112963,0.023803719,0.078428395,NA,NA,,,
11_173,11,173,0.051707349,0.028363793,0.074508049,0.015900883,0.088717981,NA,NA,,,
11_181,11,181,0.048738972,0.025805068,0.071479009,0.012970835,0.084929508,NA,NA,,,
11_182,11,182,0.07750561,NA,NA,NA,NA,0.004234067,0.16124935,,,
11_184,11,184,0.046166823,0.017027559,0.075771968,0.001979912,0.092539175,NA,NA,,,
11_191,11,191,0.077571948,NA,NA,NA,NA,0.004325986,0.160844974,,,
11_192,11,192,0.054680087,NA,NA,NA,NA,0.002809948,0.111075473,,,
11_201,11,201,0.072071939,0.058368273,0.086234131,0.050460845,0.093070074,NA,NA,,,
11_202,11,202,0.04905775,0.024663474,0.0730457,0.011241139,0.086067508,NA,NA,,,
11_203,11,203,0.044149139,0.016128537,0.071139918,0.001820482,0.086472294,NA,NA,,,
11_204,11,204,0.048609209,0.024742452,0.07337545,0.013454905,0.085800618,NA,NA,,,
11_205,11,205,0.044173234,0.015968438,0.071474375,0.001235221,0.087298201,NA,NA,,,
11_211,11,211,0.036067032,NA,NA,NA,NA,0.001237313,0.084901078,,,
11_212,11,212,0.0563393,0.036657338,0.075647603,0.02524936,0.086399373,NA,NA,,,
11_213,11,213,0.046176285,0.014864809,0.077187388,-0.002075203,0.095676766,NA,NA,,,
11_214,11,214,0.052414146,0.030748351,0.074949363,0.018352133,0.086419323,NA,NA,,,
11_221,11,221,0.058392394,0.03885882,0.077247144,0.028881313,0.087510673,NA,NA,,,
11_222,11,222,0.074625265,0.045945097,0.102268301,0.029845346,0.116966402,NA,NA,,,
11_231,11,231,0.055449069,0.032933257,0.077565381,0.021998795,0.089143447,NA,NA,,,
11_232,11,232,0.102753325,0.048837142,0.152368886,0.022102311,0.177035283,NA,NA,,,
11_241,11,241,0.047847311,0.024624343,0.071224999,0.010994113,0.083642993,NA,NA,,,
11_242,11,242,0.04312119,0.017862098,0.067528189,0.004304112,0.081579853,NA,NA,,,
12_5,12,5,0.136482811,0.117821192,0.154841819,0.108978701,0.165085725,NA,NA,,,
12_9,12,9,0.090549897,0.073260926,0.108246221,0.063374927,0.117720717,NA,NA,,,
12_10,12,10,0.075395258,0.049158894,0.103409721,0.033911341,0.118372276,NA,NA,,,
12_11,12,11,0.063570328,0.038298588,0.087895507,0.02678291,0.101017168,NA,NA,,,
12_13,12,13,0.048810151,0.033069713,0.064330211,0.024147641,0.072452193,NA,NA,,,
12_14,12,14,0.032273435,0.022095674,0.042845856,0.016985837,0.048422777,NA,NA,,,
12_15,12,15,0.240339092,0.168943809,0.315991329,0.130281364,0.354419499,NA,NA,,,
12_16,12,16,0.07521244,0.052527238,0.098558119,0.039662413,0.110297796,NA,NA,,,
12_18,12,18,0.061757067,0.044874609,0.079219977,0.035934779,0.088111975,NA,NA,,,
12_20,12,20,0.070943166,0.057313014,0.084978706,0.050431762,0.092552968,NA,NA,,,
12_22,12,22,0.06263742,0.041395436,0.083500556,0.030914941,0.094529967,NA,NA,,,
12_24,12,24,0.058154085,0.043595311,0.072994078,0.036234291,0.080884811,NA,NA,,,
12_28,12,28,0.049480127,0.032940764,0.066011758,0.024393647,0.075201293,NA,NA,,,
12_31,12,31,0.073098251,0.051316207,0.094533647,0.040106607,0.104886571,NA,NA,,,
12_33,12,33,0.057400067,0.044615396,0.07095396,0.037323281,0.07793271,NA,NA,,,
12_122,12,122,0.106890835,0.062176548,0.15462549,0.038420742,0.180258049,NA,NA,,,
12_134,12,134,0.109085863,0.071207759,0.145942755,0.050973633,0.167358308,NA,NA,,,
12_143,12,143,0.071913253,0.037587758,0.105358109,0.01916307,0.122841542,NA,NA,,,
12_151,12,151,0.099920806,NA,NA,NA,NA,0.005680139,0.209832376,,,
12_152,12,152,0.099457831,NA,NA,NA,NA,0.005402513,0.209227573,,,
12_162,12,162,0.069333443,0.029100788,0.108648752,0.007363578,0.129139952,NA,NA,,,
12_171,12,171,0.068292506,0.024825606,0.113090104,-0.00045341,0.135721263,NA,NA,,,
12_173,12,173,0.116552975,NA,NA,NA,NA,0.004763654,0.279736023,,,
12_201,12,201,0.09863007,0.041479149,0.15537157,0.013895016,0.186038649,NA,NA,,,
12_202,12,202,0.116249984,NA,NA,NA,NA,0.004794031,0.276205729,,,
12_203,12,203,0.236226535,NA,NA,NA,NA,0.107458171,0.400822801,,,
12_204,12,204,0.178375186,NA,NA,NA,NA,0.038844035,0.332632918,,,
12_211,12,211,0.117277888,NA,NA,NA,NA,0.005026768,0.279195755,,,
12_212,12,212,0.090957278,NA,NA,NA,NA,0.005091711,0.189046988,,,
12_213,12,213,0.091076073,NA,NA,NA,NA,0.00501972,0.190071932,,,
12_214,12,214,0.090758598,NA,NA,NA,NA,0.005284153,0.190868261,,,
12_221,12,221,0.0907735,NA,NA,NA,NA,0.005231712,0.191427317,,,
12_222,12,222,0.091113336,NA,NA,NA,NA,0.004763819,0.190027753,,,
12_231,12,231,0.090698158,NA,NA,NA,NA,0.005106195,0.189665731,,,
12_232,12,232,0.091158527,NA,NA,NA,NA,0.005064954,0.18973046,,,
13_5,13,5,0.026028822,0.014630805,0.037683571,0.008644602,0.044470516,NA,NA,,,
13_9,13,9,0.020629974,0.012714538,0.028395275,0.008324228,0.032687302,NA,NA,,,
13_10,13,10,0.033179451,0.019874002,0.046319206,0.013271979,0.052861618,NA,NA,,,
13_11,13,11,0.024025182,0.015319835,0.032678603,0.010628681,0.037575556,NA,NA,,,
13_13,13,13,0.1893634,0.163545884,0.215321244,0.151059457,0.229176279,NA,NA,,,
13_14,13,14,0.037469511,0.031882159,0.043138941,0.028582419,0.046299651,NA,NA,,,
13_15,13,15,0.016646357,0.010954852,0.022292643,0.007803693,0.025136793,NA,NA,,,
13_16,13,16,0.041228909,0.028510153,0.05379605,0.022202759,0.060531597,NA,NA,,,
13_18,13,18,0.03294495,0.024871445,0.041213093,0.020854792,0.045476031,NA,NA,,,
13_20,13,20,0.091443397,0.071680755,0.110902443,0.062505479,0.12237453,NA,NA,,,
13_22,13,22,0.116713474,0.096119826,0.137392813,0.085097256,0.149078895,NA,NA,,,
13_24,13,24,0.136030022,0.118563645,0.154055416,0.109055192,0.163318577,NA,NA,,,
13_28,13,28,0.089681178,0.078476217,0.101051516,0.072546448,0.106454591,NA,NA,,,
13_31,13,31,0.101865775,0.085001819,0.118934668,0.076822317,0.128067191,NA,NA,,,
13_33,13,33,0.036293396,0.028201641,0.044266864,0.024184195,0.048446589,NA,NA,,,
13_122,13,122,0.052836138,0.034552849,0.071061971,0.024199109,0.080770825,NA,NA,,,
13_134,13,134,0.02844248,0.017917006,0.039052439,0.011976827,0.044488991,NA,NA,,,
13_135,13,135,0.095300212,NA,NA,NA,NA,0.004766052,0.205574754,,,
13_136,13,136,0.084376149,0.053731359,0.115399264,0.037892028,0.131164508,NA,NA,,,
13_141,13,141,0.076862368,0.048059344,0.106146468,0.033121688,0.120353483,NA,NA,,,
13_142,13,142,0.096373585,NA,NA,NA,NA,0.004805948,0.206412182,,,
13_143,13,143,0.049653453,0.033526974,0.065242124,0.024827203,0.074104759,NA,NA,,,
13_144,13,144,0.149392228,NA,NA,NA,NA,0.031701989,0.27448732,,,
13_145,13,145,0.033545583,0.011611285,0.055102085,-0.000338628,0.067575561,NA,NA,,,
13_151,13,151,0.04438097,0.033320835,0.055015987,0.027631364,0.06070263,NA,NA,,,
13_152,13,152,0.052514891,0.024808329,0.082471522,0.009205674,0.099371889,NA,NA,,,
13_155,13,155,0.052693975,0.015018165,0.088558749,-0.004868828,0.109658031,NA,NA,,,
13_156,13,156,0.017688917,0.004251249,0.030982369,-0.004453855,0.04086957,NA,NA,,,
13_157,13,157,0.150500838,0.061138211,0.23988727,0.018377023,0.286079808,NA,NA,,,
13_161,13,161,0.070623566,NA,NA,NA,NA,0.00165989,0.281165605,,,
13_162,13,162,0.07559049,0.063054246,0.087839518,0.056531552,0.094225235,NA,NA,,,
13_171,13,171,0.179145684,0.06421365,0.292455342,0.007514219,0.347373103,NA,NA,,,
13_173,13,173,0.102369252,0.036539605,0.166998207,0.003358883,0.201493294,NA,NA,,,
13_181,13,181,0.039549756,0.014087544,0.065022971,0.000597511,0.078168122,NA,NA,,,
13_184,13,184,0.034153269,NA,NA,NA,NA,0.001256619,0.078088454,,,
13_192,13,192,0.052849774,NA,NA,NA,NA,0.002189818,0.119959317,,,
13_201,13,201,0.05516085,0.038388085,0.072277769,0.029080058,0.082317614,NA,NA,,,
13_202,13,202,0.067310013,0.048391364,0.086712608,0.03638832,0.097743094,NA,NA,,,
13_203,13,203,0.04170564,0.021526722,0.061837926,0.010382905,0.073053345,NA,NA,,,
13_204,13,204,0.061336497,0.04130563,0.080215022,0.030083857,0.090771964,NA,NA,,,
13_205,13,205,0.038906911,0.01821195,0.05926924,0.008681583,0.070960994,NA,NA,,,
13_211,13,211,0.04134804,0.008172719,0.074239562,-0.018333014,0.10037541,NA,NA,,,
13_212,13,212,0.145328582,0.011591493,0.279194238,-0.05730951,0.350823149,NA,NA,,,
13_213,13,213,0.039633683,0.014240162,0.063467392,0.001522342,0.077076005,NA,NA,,,
13_214,13,214,0.026369385,0.011903599,0.041139991,0.003966877,0.049063239,NA,NA,,,
13_221,13,221,0.048404384,0.028379555,0.06893521,0.016558484,0.080218309,NA,NA,,,
13_222,13,222,0.103019936,0.020840592,0.182858252,-0.021107845,0.225773584,NA,NA,,,
13_231,13,231,0.038651846,0.020108703,0.057718479,0.010373784,0.067662145,NA,NA,,,
13_232,13,232,0.045703679,0.017846258,0.074360658,0.002551311,0.088622391,NA,NA,,,
13_241,13,241,0.039608806,0.014963424,0.064764917,0.001671068,0.078993716,NA,NA,,,
13_242,13,242,0.03960462,0.014955992,0.06433078,0.001197847,0.077634425,NA,NA,,,
14_5,14,5,0.033160702,0.020995479,0.045854513,0.014426108,0.052394096,NA,NA,,,
14_9,14,9,0.029713785,0.019058651,0.040530498,0.013240633,0.045965809,NA,NA,,,
14_10,14,10,0.029576777,0.017255948,0.041583961,0.010376844,0.048354448,NA,NA,,,
14_11,14,11,0.035284313,0.023212022,0.047539731,0.01678393,0.053745711,NA,NA,,,
14_13,14,13,0.045264703,0.036967168,0.053693302,0.032415904,0.05783355,NA,NA,,,
14_14,14,14,0.285092296,0.243996136,0.325777719,0.223175738,0.346567163,NA,NA,,,
14_15,14,15,0.018898652,0.012226458,0.025347149,0.008934981,0.028860498,NA,NA,,,
14_16,14,16,0.055203968,0.037444193,0.07284371,0.028650426,0.082605509,NA,NA,,,
14_18,14,18,0.034353139,0.024950062,0.04376556,0.019891863,0.04833088,NA,NA,,,
14_20,14,20,0.029158291,0.022911961,0.035301178,0.019720196,0.038656035,NA,NA,,,
14_22,14,22,0.031303655,0.022308461,0.040222564,0.017743545,0.045274343,NA,NA,,,
14_24,14,24,0.11073557,0.091147518,0.130855131,0.081005569,0.142239579,NA,NA,,,
14_28,14,28,0.100594382,0.084667558,0.116442533,0.076243554,0.124719552,NA,NA,,,
14_31,14,31,0.04909093,0.042620927,0.055432711,0.039298518,0.058761598,NA,NA,,,
14_33,14,33,0.038943283,0.029211083,0.048559434,0.023946352,0.053644742,NA,NA,,,
14_122,14,122,0.065774666,0.029096896,0.100942173,0.010602752,0.120072585,NA,NA,,,
14_134,14,134,0.078303274,0.043933044,0.112381649,0.025780023,0.13100281,NA,NA,,,
14_135,14,135,0.021167104,NA,NA,NA,NA,0.000565787,0.076312396,,,
14_136,14,136,0.033593149,0.007981369,0.058410917,-0.00703916,0.073586434,NA,NA,,,
14_141,14,141,0.070613455,NA,NA,NA,NA,0.003591994,0.147497982,,,
14_142,14,142,0.017482179,0.000844903,0.033766261,-0.007063585,0.042583928,NA,NA,,,
14_143,14,143,0.020309148,0.00812352,0.032461272,0.000209104,0.03960619,NA,NA,,,
14_145,14,145,0.024124321,0.009331768,0.038881312,0.000953809,0.047571125,NA,NA,,,
14_151,14,151,0.042848135,0.027292494,0.058514962,0.018302619,0.066975463,NA,NA,,,
14_152,14,152,0.041092258,0.025807621,0.057584056,0.017035248,0.065437065,NA,NA,,,
14_155,14,155,0.070627726,NA,NA,NA,NA,0.003952612,0.147588773,,,
14_156,14,156,0.041845286,0.022115156,0.0620361,0.011559605,0.073348961,NA,NA,,,
14_157,14,157,0.139551967,0.071952454,0.210266395,0.034212698,0.245179099,NA,NA,,,
14_161,14,161,0.301061565,-0.004948071,0.602734844,-0.157180494,0.779139262,NA,NA,,,
14_162,14,162,0.148513042,0.086313427,0.214499721,0.050389441,0.246701621,NA,NA,,,
14_171,14,171,0.111227343,0.095683306,0.12625306,0.087729001,0.134492218,NA,NA,,,
14_173,14,173,0.03814379,0.013991791,0.062336552,-0.010535774,0.089900893,NA,NA,,,
14_184,14,184,0.077749131,0.052310732,0.103363459,0.039323069,0.117128797,NA,NA,,,
14_191,14,191,0.067794005,0.03152628,0.103864688,0.012205814,0.122851707,NA,NA,,,
14_192,14,192,0.067719092,0.031758279,0.10484954,0.011353737,0.122931027,NA,NA,,,
14_201,14,201,0.125298704,0.096937231,0.15374618,0.07935541,0.170801738,NA,NA,,,
14_202,14,202,0.032898886,0.012283817,0.052756117,-0.000951302,0.067323543,NA,NA,,,
14_203,14,203,0.063220885,0.033317667,0.092652688,0.014833481,0.109271889,NA,NA,,,
14_204,14,204,0.122401123,0.101125297,0.143379565,0.091242125,0.154555594,NA,NA,,,
14_205,14,205,0.055004689,0.026762104,0.082945483,0.012891645,0.098449795,NA,NA,,,
14_211,14,211,0.122017399,NA,NA,NA,NA,0.004380076,0.300241365,,,
14_212,14,212,0.11397283,0.009188161,0.221112286,-0.046141813,0.283146673,NA,NA,,,
14_214,14,214,0.156201676,0.024282585,0.286385504,-0.051904162,0.35241078,NA,NA,,,
14_221,14,221,0.075682086,0.040091397,0.110930388,0.020404638,0.130856401,NA,NA,,,
14_222,14,222,0.291652332,NA,NA,NA,NA,0.015666515,0.649864736,,,
14_231,14,231,0.077745484,0.040593335,0.114066695,0.0209873,0.134511329,NA,NA,,,
14_232,14,232,0.099101934,0.03948618,0.15636785,0.007951544,0.185561932,NA,NA,,,
14_241,14,241,0.069567176,NA,NA,NA,NA,0.002722177,0.14865831,,,
14_242,14,242,0.069574377,NA,NA,NA,NA,0.002497982,0.148853067,,,
15_5,15,5,0.03414039,0.022581578,0.045216552,0.016653941,0.05066714,NA,NA,,,
15_9,15,9,0.044268909,0.033188871,0.055086665,0.027393885,0.061074012,NA,NA,,,
15_10,15,10,0.063272293,0.037200958,0.089895534,0.023696624,0.103238756,NA,NA,,,
15_11,15,11,0.064339632,0.041408342,0.088188212,0.028122986,0.100059586,NA,NA,,,
15_13,15,13,0.029756966,0.018038232,0.041554964,0.011613338,0.047986028,NA,NA,,,
15_14,15,14,0.02827953,0.01856676,0.037699088,0.013628307,0.042752939,NA,NA,,,
15_15,15,15,0.274299316,0.221283971,0.32535644,0.192498622,0.352886627,NA,NA,,,
15_16,15,16,0.084018434,0.061889898,0.106346352,0.049450687,0.120152115,NA,NA,,,
15_18,15,18,0.050122378,0.03734212,0.062490335,0.030653136,0.068815012,NA,NA,,,
15_20,15,20,0.0327626,0.025337746,0.040391239,0.021396099,0.044496433,NA,NA,,,
15_22,15,22,0.020922977,0.013157495,0.029116568,0.00906087,0.033457575,NA,NA,,,
15_24,15,24,0.030885492,0.022103851,0.039698207,0.017776862,0.044691304,NA,NA,,,
15_28,15,28,0.026923861,0.018096487,0.036206562,0.013643169,0.041089795,NA,NA,,,
15_31,15,31,0.023039805,0.01535119,0.030340581,0.011476417,0.034156995,NA,NA,,,
15_33,15,33,0.060079204,0.05318866,0.066766349,0.049670312,0.070620576,NA,NA,,,
15_122,15,122,0.069275982,0.050791186,0.087687504,0.041059181,0.097638946,NA,NA,,,
15_134,15,134,0.081689168,0.064847957,0.098464609,0.055952504,0.10762079,NA,NA,,,
15_135,15,135,0.086129077,NA,NA,NA,NA,0.002994822,0.219041654,,,
15_136,15,136,0.087140592,NA,NA,NA,NA,0.003185508,0.220923722,,,
15_141,15,141,0.05613681,0.01949625,0.09332116,-0.000371628,0.11250547,NA,NA,,,
15_142,15,142,0.050811912,NA,NA,NA,NA,0.001326369,0.153276457,,,
15_143,15,143,0.074801046,0.062222955,0.0866987,0.055422699,0.093262617,NA,NA,,,
15_145,15,145,0.103787757,0.075150919,0.133400164,0.060181252,0.149734612,NA,NA,,,
15_151,15,151,0.053784603,0.035312506,0.072670026,0.025001946,0.082734422,NA,NA,,,
15_152,15,152,0.085617901,0.037452072,0.134969922,0.01166888,0.159781524,NA,NA,,,
15_155,15,155,0.086485294,0.055363379,0.11840268,0.037737979,0.134856028,NA,NA,,,
15_156,15,156,0.094956418,0.064176414,0.126535358,0.047799797,0.141625945,NA,NA,,,
15_157,15,157,0.084588762,0.055343103,0.113870501,0.039747935,0.128491576,NA,NA,,,
15_162,15,162,0.053929024,0.037943722,0.069976363,0.030127656,0.079020404,NA,NA,,,
15_171,15,171,0.027036686,0.012481344,0.040928354,0.00518005,0.049060287,NA,NA,,,
15_173,15,173,0.049690693,0.019973547,0.080249012,0.003333718,0.095659424,NA,NA,,,
15_181,15,181,0.055054893,0.027801491,0.082341564,0.012296471,0.096654359,NA,NA,,,
15_182,15,182,0.08057415,NA,NA,NA,NA,0.001167369,0.19932524,,,
15_183,15,183,0.086773436,NA,NA,NA,NA,0.00324637,0.219510107,,,
15_184,15,184,0.051645375,0.017813626,0.086133518,-0.001211473,0.107141668,NA,NA,,,
15_191,15,191,0.079986211,NA,NA,NA,NA,0.000851929,0.199053324,,,
15_192,15,192,0.066227887,NA,NA,NA,NA,0.003755729,0.13278705,,,
15_201,15,201,0.054467313,0.031157254,0.078175064,0.017484357,0.090050519,NA,NA,,,
15_202,15,202,0.051676888,0.024376471,0.078846325,0.008947415,0.093075209,NA,NA,,,
15_203,15,203,0.044771034,0.01272642,0.076788055,-0.005219888,0.093139398,NA,NA,,,
15_204,15,204,0.05079828,0.023934806,0.077911814,0.01018006,0.091218674,NA,NA,,,
15_205,15,205,0.044674206,0.013463947,0.077086842,-0.002361554,0.093880341,NA,NA,,,
15_211,15,211,0.0323204,NA,NA,NA,NA,0.000843566,0.114581817,,,
15_212,15,212,0.055218916,0.031572389,0.079927822,0.01846098,0.092275221,NA,NA,,,
15_213,15,213,0.031990075,NA,NA,NA,NA,0.000853771,0.113619217,,,
15_214,15,214,0.057320255,0.032237836,0.082082398,0.01984525,0.095468091,NA,NA,,,
15_221,15,221,0.080068554,0.052291429,0.107438051,0.037339759,0.121968591,NA,NA,,,
15_222,15,222,0.058763444,0.032752327,0.084855665,0.018391561,0.098442863,NA,NA,,,
15_231,15,231,0.051038731,0.029341192,0.072954909,0.018182501,0.083821431,NA,NA,,,
15_232,15,232,0.058850058,0.035170309,0.083305956,0.022501748,0.095429206,NA,NA,,,
15_241,15,241,0.057403957,0.033509433,0.082148651,0.020760489,0.095517341,NA,NA,,,
15_242,15,242,0.046249108,0.014978092,0.076618822,-0.002005738,0.092917767,NA,NA,,,
16_5,16,5,0.034416159,0.022717127,0.045881535,0.016922839,0.052330695,NA,NA,,,
16_9,16,9,0.075272527,0.062386496,0.088180949,0.055557172,0.095378632,NA,NA,,,
16_10,16,10,0.079400752,0.057550851,0.10019307,0.047025203,0.111724099,NA,NA,,,
16_11,16,11,0.077170889,0.053277266,0.102484151,0.039809035,0.115646782,NA,NA,,,
16_13,16,13,0.056782007,0.040344074,0.072127519,0.032182951,0.080605879,NA,NA,,,
16_14,16,14,0.064378816,0.048194637,0.080227658,0.040761016,0.089188458,NA,NA,,,
16_15,16,15,0.034795568,0.027201563,0.042364219,0.02307679,0.046170636,NA,NA,,,
16_16,16,16,0.112862602,0.096008276,0.13024303,0.086601509,0.138955349,NA,NA,,,
16_18,16,18,0.104494009,0.091257357,0.117195988,0.084562392,0.123298552,NA,NA,,,
16_20,16,20,0.058307803,0.048133167,0.068660177,0.042451159,0.074212865,NA,NA,,,
16_22,16,22,0.062219906,0.046899786,0.07717859,0.039168268,0.084584063,NA,NA,,,
16_24,16,24,0.035328345,0.026934154,0.043988236,0.022238268,0.048540282,NA,NA,,,
16_28,16,28,0.033363529,0.024473558,0.042656133,0.019319972,0.047427089,NA,NA,,,
16_31,16,31,0.053801336,0.039095584,0.06816756,0.031466712,0.076589375,NA,NA,,,
16_33,16,33,0.105619814,0.095837934,0.115766476,0.090304225,0.120703273,NA,NA,,,
16_122,16,122,0.089904457,0.064492982,0.114828988,0.049834801,0.12918114,NA,NA,,,
16_134,16,134,0.071863814,0.054964321,0.088912588,0.045302571,0.098807416,NA,NA,,,
16_143,16,143,0.111518693,0.074393523,0.14858861,0.053151437,0.167852683,NA,NA,,,
16_151,16,151,0.044072936,0.015063378,0.072932239,-0.001279825,0.090500171,NA,NA,,,
16_152,16,152,0.099660916,NA,NA,NA,NA,0.005173193,0.211407652,,,
16_155,16,155,0.079107421,NA,NA,NA,NA,0.004168729,0.161671384,,,
16_157,16,157,0.043564347,0.011484425,0.073311566,-0.011421632,0.095632402,NA,NA,,,
16_162,16,162,0.049800234,0.029219529,0.070442032,0.017684072,0.081049077,NA,NA,,,
16_171,16,171,0.035011917,NA,NA,NA,NA,0.00170647,0.072278754,,,
16_173,16,173,0.036626561,NA,NA,NA,NA,0.001977493,0.073085359,,,
16_181,16,181,0.045996205,0.024955302,0.065975274,0.014879077,0.076761162,NA,NA,,,
16_182,16,182,0.078994714,NA,NA,NA,NA,0.004494512,0.162461785,,,
16_184,16,184,0.044107016,0.0183547,0.070570645,0.004059551,0.085693066,NA,NA,,,
16_191,16,191,0.079174172,NA,NA,NA,NA,0.004510651,0.162516913,,,
16_192,16,192,0.049487583,NA,NA,NA,NA,0.002941452,0.097582803,,,
16_201,16,201,0.041487423,0.020012077,0.063291459,0.00821819,0.074545753,NA,NA,,,
16_202,16,202,0.036985763,NA,NA,NA,NA,0.001998721,0.073450553,,,
16_203,16,203,0.036547187,NA,NA,NA,NA,0.001955944,0.073256804,,,
16_204,16,204,0.036636799,NA,NA,NA,NA,0.001932593,0.073097491,,,
16_205,16,205,0.036860227,NA,NA,NA,NA,0.001999733,0.07317232,,,
16_211,16,211,0.036925282,NA,NA,NA,NA,0.002011773,0.073367572,,,
16_212,16,212,0.04155977,0.019835336,0.063008155,0.007864541,0.07505415,NA,NA,,,
16_213,16,213,0.036553694,NA,NA,NA,NA,0.001966172,0.073223018,,,
16_214,16,214,0.041561335,0.020211595,0.062950081,0.00915647,0.074349573,NA,NA,,,
16_221,16,221,0.049264069,0.029374136,0.069374867,0.018036545,0.080809545,NA,NA,,,
16_222,16,222,0.058699274,0.021359336,0.095198267,0.000529876,0.118246007,NA,NA,,,
16_231,16,231,0.045487235,0.023877949,0.06736223,0.011373669,0.07963028,NA,NA,,,
16_232,16,232,0.06965176,0.041320434,0.099367329,0.025921842,0.116135475,NA,NA,,,
16_241,16,241,0.041502418,0.02058388,0.062693423,0.009248007,0.073695514,NA,NA,,,
16_242,16,242,0.041600125,0.020278444,0.06329099,0.009002584,0.07475088,NA,NA,,,
18_5,18,5,0.06001466,0.045000922,0.075300842,0.037097004,0.08418253,NA,NA,,,
18_9,18,9,0.066362569,0.05252011,0.079495522,0.045522685,0.086883577,NA,NA,,,
18_10,18,10,0.068654866,0.045645183,0.090831129,0.034715941,0.103498542,NA,NA,,,
18_11,18,11,0.071100801,0.051695766,0.089605379,0.041184788,0.098799664,NA,NA,,,
18_13,18,13,0.042883363,0.03082858,0.054480964,0.02456377,0.060887594,NA,NA,,,
18_14,18,14,0.068933856,0.056162014,0.081715288,0.049381659,0.088854664,NA,NA,,,
18_15,18,15,0.03745421,0.02944951,0.045312168,0.025212719,0.049309255,NA,NA,,,
18_16,18,16,0.092381682,0.07081171,0.115002908,0.059546524,0.126650799,NA,NA,,,
18_18,18,18,0.146993266,0.128213891,0.166588385,0.118493219,0.177496828,NA,NA,,,
18_20,18,20,0.094605728,0.086395301,0.103235251,0.082320779,0.107839727,NA,NA,,,
18_22,18,22,0.051668463,0.040314272,0.063433329,0.034419837,0.069688489,NA,NA,,,
18_24,18,24,0.04430915,0.036497794,0.052221846,0.032486555,0.05620815,NA,NA,,,
18_28,18,28,0.059222554,0.048488786,0.070663455,0.042645622,0.077078372,NA,NA,,,
18_31,18,31,0.056746979,0.046626913,0.067191872,0.041048189,0.072280625,NA,NA,,,
18_33,18,33,0.090814463,0.082556878,0.099059088,0.078498803,0.103886922,NA,NA,,,
18_122,18,122,0.071068893,0.056822607,0.086024699,0.048751064,0.093964223,NA,NA,,,
18_134,18,134,0.061590809,0.050224556,0.0727741,0.044390465,0.079024021,NA,NA,,,
18_135,18,135,0.016355671,NA,NA,NA,NA,0.000371933,0.064044899,,,
18_136,18,136,0.071379482,0.043429345,0.099715642,0.02869688,0.113371138,NA,NA,,,
18_141,18,141,0.087501576,0.06325415,0.112226011,0.049796044,0.125086576,NA,NA,,,
18_143,18,143,0.083460541,0.06392092,0.103106238,0.05416797,0.113875103,NA,NA,,,
18_144,18,144,0.085664493,0.051070318,0.121020043,0.033073812,0.140610836,NA,NA,,,
18_145,18,145,0.03749645,0.018177298,0.057052614,0.007510126,0.067347511,NA,NA,,,
18_146,18,146,0.094046302,NA,NA,NA,NA,0.006618076,0.179040323,,,
18_151,18,151,0.065479373,0.051440698,0.07971646,0.043964152,0.087136204,NA,NA,,,
18_152,18,152,0.08536694,0.050683371,0.119316379,0.03341917,0.139581278,NA,NA,,,
18_155,18,155,0.072898456,0.037881453,0.107547542,0.018223568,0.125853737,NA,NA,,,
18_156,18,156,0.071121125,0.036799039,0.103399248,0.020016386,0.120620968,NA,NA,,,
18_157,18,157,0.05230207,0.037319308,0.066863273,0.029680231,0.074686241,NA,NA,,,
18_162,18,162,0.054781652,0.040437495,0.068805726,0.031571776,0.076558402,NA,NA,,,
18_171,18,171,0.052236252,0.036111662,0.068220665,0.02701673,0.077565457,NA,NA,,,
18_173,18,173,0.042880426,0.023550262,0.062541897,0.012789085,0.072891592,NA,NA,,,
18_181,18,181,0.046940797,0.02582167,0.069535746,0.012718306,0.082459149,NA,NA,,,
18_182,18,182,0.076823751,NA,NA,NA,NA,0.003909771,0.15924275,,,
18_184,18,184,0.048666785,0.023895093,0.074458689,0.009866969,0.089347452,NA,NA,,,
18_191,18,191,0.076493194,NA,NA,NA,NA,0.003806579,0.159989445,,,
18_192,18,192,0.058855566,NA,NA,NA,NA,0.003181583,0.1190644,,,
18_201,18,201,0.048187664,0.031695847,0.064767598,0.022658757,0.072721181,NA,NA,,,
18_202,18,202,0.0436558,0.023006801,0.063420412,0.013035188,0.074239562,NA,NA,,,
18_203,18,203,0.039466755,0.018261883,0.060233871,0.007162699,0.070799171,NA,NA,,,
18_204,18,204,0.043446821,0.023934389,0.062868909,0.013439243,0.073883107,NA,NA,,,
18_205,18,205,0.03941017,0.01874575,0.060427502,0.00801213,0.071271734,NA,NA,,,
18_211,18,211,0.035909099,NA,NA,NA,NA,0.001864411,0.072676152,,,
18_212,18,212,0.047887741,0.030501675,0.065457372,0.02114017,0.074423307,NA,NA,,,
18_213,18,213,0.039287715,0.017629001,0.059870201,0.006036816,0.07200026,NA,NA,,,
18_214,18,214,0.046182848,0.028498975,0.063951093,0.019306543,0.073850611,NA,NA,,,
18_221,18,221,0.05443523,0.037975639,0.070605721,0.028992125,0.079663059,NA,NA,,,
18_222,18,222,0.060588649,0.036929378,0.084051616,0.024462597,0.096442541,NA,NA,,,
18_231,18,231,0.04838028,0.030643842,0.066344323,0.021041048,0.076146873,NA,NA,,,
18_232,18,232,0.07886708,0.046241678,0.11092549,0.028303188,0.128453662,NA,NA,,,
18_241,18,241,0.046351274,0.028582326,0.064327381,0.018671471,0.074096481,NA,NA,,,
18_242,18,242,0.042287045,0.019240125,0.064970588,0.006577836,0.077420389,NA,NA,,,
20_5,20,5,0.065975131,0.040525426,0.091385589,0.026589146,0.103831162,NA,NA,,,
20_9,20,9,0.066425217,0.040407514,0.092884061,0.025144414,0.107886136,NA,NA,,,
20_10,20,10,0.074386299,NA,NA,NA,NA,0.004099312,0.155135578,,,
20_11,20,11,0.087154531,0.046276797,0.127040668,0.024740383,0.149154347,NA,NA,,,
20_13,20,13,0.043208265,0.028798847,0.057648108,0.02123432,0.065677962,NA,NA,,,
20_14,20,14,0.035233638,0.023390585,0.046618251,0.017308424,0.053101008,NA,NA,,,
20_15,20,15,0.048052283,0.035127878,0.060816907,0.028537375,0.066953787,NA,NA,,,
20_16,20,16,0.084777699,0.046486232,0.121138705,0.027230838,0.139909275,NA,NA,,,
20_18,20,18,0.072477243,0.055116587,0.08971129,0.045917788,0.098487473,NA,NA,,,
20_20,20,20,0.18841427,0.147371226,0.230963008,0.123239052,0.253996548,NA,NA,,,
20_22,20,22,0.035555361,0.025086801,0.04625725,0.019203794,0.051684602,NA,NA,,,
20_24,20,24,0.03978091,0.031947221,0.047647379,0.02813188,0.051993287,NA,NA,,,
20_28,20,28,0.033545826,0.022368111,0.044515818,0.016703548,0.04961336,NA,NA,,,
20_31,20,31,0.037065791,0.029437493,0.04484743,0.025752077,0.048817264,NA,NA,,,
20_33,20,33,0.052537461,0.042531952,0.063010868,0.037327876,0.068403392,NA,NA,,,
20_122,20,122,0.073479437,0.054438868,0.09285799,0.044331913,0.10331231,NA,NA,,,
20_134,20,134,0.063064008,0.048750492,0.076979922,0.040846307,0.084449032,NA,NA,,,
20_136,20,136,0.131266881,0.075704364,0.187843562,0.046020964,0.21669983,NA,NA,,,
20_141,20,141,0.07278218,0.028978656,0.116737204,0.007973189,0.139540584,NA,NA,,,
20_142,20,142,0.091400778,0.058075482,0.125559432,0.039797239,0.14280321,NA,NA,,,
20_143,20,143,0.050709726,0.03501406,0.067004659,0.026851084,0.075289459,NA,NA,,,
20_144,20,144,0.060144756,0.026131026,0.093962486,0.007008523,0.11344516,NA,NA,,,
20_145,20,145,0.060280775,0.039929571,0.081345565,0.028308441,0.091798812,NA,NA,,,
20_146,20,146,0.069379719,NA,NA,NA,NA,0.001653815,0.181961609,,,
20_151,20,151,0.084642963,0.0737126,0.095975563,0.067849806,0.102394248,NA,NA,,,
20_152,20,152,0.09362808,0.068736012,0.117582331,0.056885848,0.131337518,NA,NA,,,
20_155,20,155,0.083506219,0.036783323,0.12978805,0.012087696,0.155320735,NA,NA,,,
20_156,20,156,0.063665847,0.043422542,0.084260961,0.033515097,0.095150487,NA,NA,,,
20_157,20,157,0.064042037,0.053646351,0.074588148,0.048033671,0.080393785,NA,NA,,,
20_161,20,161,0.063718622,NA,NA,NA,NA,0.002898339,0.14367537,,,
20_162,20,162,0.040925358,0.029045553,0.052483033,0.022308537,0.058417523,NA,NA,,,
20_171,20,171,0.040332966,0.030323828,0.050102407,0.025238227,0.055658136,NA,NA,,,
20_173,20,173,0.046823473,0.02610061,0.067753395,0.013553573,0.079621093,NA,NA,,,
20_181,20,181,0.03678713,NA,NA,NA,NA,0.00196109,0.072950976,,,
20_184,20,184,0.054658876,0.036087009,0.072345431,0.026639302,0.083057158,NA,NA,,,
20_191,20,191,0.06800707,0.033384602,0.104373328,0.013614951,0.124223812,NA,NA,,,
20_192,20,192,0.067522037,0.031766676,0.102536554,0.013480627,0.121566898,NA,NA,,,
20_201,20,201,0.056220732,0.040803646,0.072041389,0.032696159,0.079873311,NA,NA,,,
20_202,20,202,0.05034817,0.033353134,0.066948959,0.024676266,0.075767588,NA,NA,,,
20_203,20,203,0.045425462,0.027282152,0.064014516,0.017437264,0.074005415,NA,NA,,,
20_204,20,204,0.050115306,0.033908261,0.065873663,0.026049563,0.073977691,NA,NA,,,
20_205,20,205,0.047792277,0.030958999,0.066191637,0.021120589,0.074904608,NA,NA,,,
20_211,20,211,0.036359151,NA,NA,NA,NA,0.001941675,0.07241688,,,
20_212,20,212,0.052693353,0.036769678,0.068727119,0.02777742,0.076975439,NA,NA,,,
20_213,20,213,0.042399005,0.023262976,0.062482239,0.01318099,0.072691824,NA,NA,,,
20_214,20,214,0.056695117,0.041337787,0.071888165,0.033300748,0.0794346,NA,NA,,,
20_221,20,221,0.057874547,0.042770012,0.072447389,0.035226207,0.080336649,NA,NA,,,
20_222,20,222,0.067752381,0.046880355,0.089061693,0.036843121,0.099805327,NA,NA,,,
20_231,20,231,0.057650547,0.042856821,0.07219598,0.035227607,0.080225084,NA,NA,,,
20_232,20,232,0.068832544,0.051533372,0.086123407,0.042548082,0.095543855,NA,NA,,,
20_241,20,241,0.048682137,0.02854326,0.068511855,0.018558827,0.078672041,NA,NA,,,
20_242,20,242,0.048226181,0.026209065,0.070952866,0.013288011,0.082160664,NA,NA,,,
22_5,22,5,0.026809791,0.013428558,0.040550992,0.006834233,0.047739957,NA,NA,,,
22_9,22,9,0.028437082,0.016731788,0.0404195,0.011064349,0.046660207,NA,NA,,,
22_10,22,10,0.026882287,0.01341329,0.040765589,0.005546298,0.04747012,NA,NA,,,
22_11,22,11,0.03118695,0.019790871,0.042785311,0.013580025,0.0484942,NA,NA,,,
22_13,22,13,0.061233212,0.051545549,0.070583773,0.04611116,0.075926268,NA,NA,,,
22_14,22,14,0.036305757,0.026537423,0.04627094,0.02103788,0.051274808,NA,NA,,,
22_15,22,15,0.033843681,0.023141522,0.044787622,0.017706203,0.050567142,NA,NA,,,
22_16,22,16,0.083028638,0.057300011,0.107672489,0.043641946,0.121381416,NA,NA,,,
22_18,22,18,0.026366204,0.018777738,0.033947363,0.014655467,0.037713587,NA,NA,,,
22_20,22,20,0.120094765,0.085059168,0.15575323,0.065089152,0.174783654,NA,NA,,,
22_22,22,22,0.226248799,0.182353135,0.269246067,0.159830907,0.294656289,NA,NA,,,
22_24,22,24,0.118049369,0.102757233,0.13319015,0.095152384,0.141443653,NA,NA,,,
22_28,22,28,0.05162238,0.041948456,0.060445293,0.036771313,0.065608813,NA,NA,,,
22_31,22,31,0.044816768,0.035990456,0.053845402,0.031374376,0.058585048,NA,NA,,,
22_33,22,33,0.042008078,0.031726752,0.05262592,0.026034006,0.058663382,NA,NA,,,
22_122,22,122,0.085290157,0.059841401,0.109512148,0.047617499,0.123325482,NA,NA,,,
22_134,22,134,0.060419882,0.039954317,0.080884912,0.028909529,0.092534566,NA,NA,,,
22_136,22,136,0.120353273,0.04809681,0.195335176,0.004293979,0.237896594,NA,NA,,,
22_141,22,141,0.065777016,NA,NA,NA,NA,0.003133302,0.138327987,,,
22_143,22,143,0.05461879,0.036238968,0.07247994,0.025651689,0.081877893,NA,NA,,,
22_144,22,144,0.140108657,NA,NA,NA,NA,0.026766425,0.25747011,,,
22_145,22,145,0.069681279,NA,NA,NA,NA,0.004249659,0.141019971,,,
22_151,22,151,0.065335919,0.050380873,0.080547595,0.041762681,0.089313964,NA,NA,,,
22_152,22,152,0.108437682,0.056041198,0.159847097,0.029027277,0.186783229,NA,NA,,,
22_155,22,155,0.070206243,NA,NA,NA,NA,0.00404293,0.141664412,,,
22_156,22,156,0.069619163,NA,NA,NA,NA,0.004161307,0.140726408,,,
22_157,22,157,0.053479742,0.036049591,0.070966923,0.027052643,0.080228974,NA,NA,,,
22_162,22,162,0.055470554,0.039706921,0.071514171,0.031411438,0.080034268,NA,NA,,,
22_171,22,171,0.048601396,0.028039683,0.068976488,0.014431423,0.083349709,NA,NA,,,
22_173,22,173,0.0395952,0.005361993,0.073447455,-0.061395035,0.140410254,NA,NA,,,
22_181,22,181,0.042378559,0.018655151,0.066595653,0.004724512,0.07936324,NA,NA,,,
22_184,22,184,0.035220788,NA,NA,NA,NA,0.001697024,0.072444353,,,
22_192,22,192,0.06367942,NA,NA,NA,NA,0.003767786,0.127485673,,,
22_201,22,201,0.045936384,0.02582901,0.065267893,0.015272198,0.077685595,NA,NA,,,
22_202,22,202,0.039304035,0.017890946,0.060695503,0.005167045,0.072305957,NA,NA,,,
22_203,22,203,0.039359221,0.017728882,0.060831069,0.006674662,0.072208872,NA,NA,,,
22_204,22,204,0.039267403,0.017373914,0.060985098,0.006413046,0.071625986,NA,NA,,,
22_205,22,205,0.039081369,0.017114585,0.060956454,0.006437453,0.072390999,NA,NA,,,
22_211,22,211,0.035095837,NA,NA,NA,NA,0.001748619,0.071958798,,,
22_212,22,212,0.045730616,0.026076553,0.065086309,0.013869258,0.076899761,NA,NA,,,
22_213,22,213,0.039439265,0.016984717,0.061086799,0.004490833,0.073492276,NA,NA,,,
22_214,22,214,0.043802563,0.024224323,0.064090989,0.013132021,0.07470359,NA,NA,,,
22_221,22,221,0.045656982,0.026127842,0.065851714,0.013700455,0.077612687,NA,NA,,,
22_222,22,222,0.058227526,0.026955529,0.089319499,0.006241992,0.111414663,NA,NA,,,
22_231,22,231,0.043809316,0.023607269,0.063233343,0.014204495,0.073947377,NA,NA,,,
22_232,22,232,0.053881819,0.024493955,0.083775647,0.010057352,0.099257433,NA,NA,,,
22_241,22,241,0.042133059,0.017638677,0.066392364,0.004994182,0.079414261,NA,NA,,,
22_242,22,242,0.042432906,0.01931621,0.06690232,0.005768872,0.079766162,NA,NA,,,
24_5,24,5,0.028321999,0.01639402,0.040764733,0.009907915,0.04741149,NA,NA,,,
24_9,24,9,0.040558432,0.026304029,0.05511593,0.018925945,0.063581508,NA,NA,,,
24_10,24,10,0.05743731,0.032899058,0.080456224,0.019688813,0.094686902,NA,NA,,,
24_11,24,11,0.065757112,0.044230466,0.087797247,0.033044542,0.09939535,NA,NA,,,
24_13,24,13,0.051421395,0.038025601,0.064542604,0.030736849,0.07189085,NA,NA,,,
24_14,24,14,0.031377716,0.022836401,0.039970253,0.018238294,0.044335711,NA,NA,,,
24_15,24,15,0.032297821,0.023218739,0.041640544,0.018556935,0.046182333,NA,NA,,,
24_16,24,16,0.083810149,0.060543345,0.10831077,0.047883586,0.120506249,NA,NA,,,
24_18,24,18,0.041846493,0.030345457,0.053782013,0.023502336,0.060303465,NA,NA,,,
24_20,24,20,0.094006719,0.068545531,0.117965766,0.055095917,0.130660525,NA,NA,,,
24_22,24,22,0.04450733,0.034144469,0.054625002,0.02880706,0.059830176,NA,NA,,,
24_24,24,24,0.178102186,0.148874335,0.207144,0.132471034,0.221620633,NA,NA,,,
24_28,24,28,0.064253742,0.055516471,0.073383681,0.050749247,0.077695627,NA,NA,,,
24_31,24,31,0.117325931,0.086283422,0.148333075,0.069155062,0.164979102,NA,NA,,,
24_33,24,33,0.052417644,0.042059123,0.063474069,0.036277202,0.069141062,NA,NA,,,
24_122,24,122,0.06641146,0.047537708,0.085410093,0.036559132,0.095526418,NA,NA,,,
24_134,24,134,0.052516165,0.036457794,0.068391964,0.027091245,0.077406879,NA,NA,,,
24_135,24,135,0.099976934,NA,NA,NA,NA,0.005675569,0.210389905,,,
24_136,24,136,0.093530046,0.049373214,0.139361259,0.025264905,0.162862224,NA,NA,,,
24_141,24,141,0.059604305,NA,NA,NA,NA,0.002628058,0.133168502,,,
24_142,24,142,0.047881304,0.011916071,0.084121131,-0.007913671,0.103191676,NA,NA,,,
24_143,24,143,0.052343258,0.034348746,0.070518027,0.023822477,0.08044931,NA,NA,,,
24_144,24,144,0.125094154,NA,NA,NA,NA,0.007069255,0.264633629,,,
24_145,24,145,0.046979927,0.026157534,0.068266647,0.014299566,0.080066686,NA,NA,,,
24_151,24,151,0.054390723,0.042972458,0.065697865,0.037523989,0.07161717,NA,NA,,,
24_152,24,152,0.086785216,0.063386542,0.109511873,0.05239494,0.121506671,NA,NA,,,
24_155,24,155,0.078496457,0.033680251,0.121827476,0.010831997,0.147159062,NA,NA,,,
24_156,24,156,0.047419169,0.02582361,0.068388407,0.014266536,0.080222517,NA,NA,,,
24_157,24,157,0.049181754,0.040361372,0.057727289,0.036087918,0.062295046,NA,NA,,,
24_161,24,161,0.09640608,NA,NA,NA,NA,0.033173175,0.155114094,,,
24_162,24,162,0.073969913,0.062918214,0.085154431,0.057026297,0.090839947,NA,NA,,,
24_171,24,171,0.041450801,0.032904782,0.049918005,0.028335822,0.054261879,NA,NA,,,
24_173,24,173,0.143008152,0.018571301,0.267946842,-0.04239127,0.330322466,NA,NA,,,
24_181,24,181,0.035092432,NA,NA,NA,NA,0.001155536,0.096226196,,,
24_184,24,184,0.058382558,0.038657665,0.077955954,0.028154543,0.088241889,NA,NA,,,
24_191,24,191,0.063189292,0.027103442,0.100330778,0.008418687,0.118407972,NA,NA,,,
24_192,24,192,0.063362752,0.027361097,0.100577032,0.008729012,0.119546138,NA,NA,,,
24_201,24,201,0.032883476,0.021271051,0.044259021,0.015051404,0.050251962,NA,NA,,,
24_202,24,202,0.02938677,0.017216658,0.041682888,0.010537744,0.048125898,NA,NA,,,
24_203,24,203,0.048263013,0.031065293,0.066312979,0.021036809,0.076025018,NA,NA,,,
24_204,24,204,0.053651433,0.038783692,0.068739509,0.031048399,0.076247091,NA,NA,,,
24_205,24,205,0.050312525,0.032449275,0.067843475,0.024115765,0.076791312,NA,NA,,,
24_211,24,211,0.03505258,NA,NA,NA,NA,0.00116709,0.096442859,,,
24_212,24,212,0.033011987,0.021536403,0.044531478,0.015438619,0.050434763,NA,NA,,,
24_213,24,213,0.042477392,0.021145713,0.062867402,0.010139474,0.073035748,NA,NA,,,
24_214,24,214,0.031739175,0.019697021,0.043601296,0.013583888,0.050313077,NA,NA,,,
24_221,24,221,0.031979336,0.020580113,0.043407972,0.014219263,0.049932067,NA,NA,,,
24_222,24,222,0.028152734,0.014973795,0.041507125,0.007689726,0.048692614,NA,NA,,,
24_231,24,231,0.031839232,0.019937677,0.043227173,0.013914945,0.049608178,NA,NA,,,
24_232,24,232,0.031196594,0.019052526,0.043427706,0.012557119,0.050208715,NA,NA,,,
24_241,24,241,0.049266559,0.027352978,0.071405797,0.016242169,0.082255454,NA,NA,,,
24_242,24,242,0.045324081,0.019280238,0.071027068,0.005050599,0.085211269,NA,NA,,,
28_5,28,5,0.02213581,0.011504982,0.032720076,0.005775463,0.038435167,NA,NA,,,
28_9,28,9,0.046226224,0.030523894,0.061527163,0.022730499,0.069827927,NA,NA,,,
28_10,28,10,0.051978984,0.032043562,0.073257608,0.021214267,0.084355286,NA,NA,,,
28_11,28,11,0.060446966,0.042160331,0.079721273,0.03088233,0.089880744,NA,NA,,,
28_13,28,13,0.052010611,0.042824578,0.061460845,0.037558562,0.066519393,NA,NA,,,
28_14,28,14,0.044249254,0.036064451,0.052646271,0.031718243,0.057177355,NA,NA,,,
28_15,28,15,0.026302167,0.016355235,0.036198503,0.010760314,0.041528479,NA,NA,,,
28_16,28,16,0.070485616,0.046133132,0.095418721,0.032446771,0.108430604,NA,NA,,,
28_18,28,18,0.031818678,0.022484553,0.041355263,0.017578719,0.046769194,NA,NA,,,
28_20,28,20,0.03898013,0.031064306,0.046661723,0.027128993,0.051257907,NA,NA,,,
28_22,28,22,0.032345057,0.023267734,0.041257095,0.018281274,0.045877108,NA,NA,,,
28_24,28,24,0.091299173,0.075003049,0.107921568,0.066451248,0.116418285,NA,NA,,,
28_28,28,28,0.266922303,0.225423544,0.309639026,0.201154075,0.333082789,NA,NA,,,
28_31,28,31,0.078260615,0.059138009,0.097280576,0.049193909,0.106823483,NA,NA,,,
28_33,28,33,0.052400674,0.039347191,0.066595062,0.031828315,0.073566271,NA,NA,,,
28_122,28,122,0.066294569,0.035463728,0.096530103,0.019670334,0.111781287,NA,NA,,,
28_134,28,134,0.052931206,0.02815619,0.077308709,0.015184213,0.090178729,NA,NA,,,
28_135,28,135,0.087660318,NA,NA,NA,NA,0.003644114,0.207161339,,,
28_136,28,136,0.126430121,0.081567409,0.170784329,0.058318807,0.196570561,NA,NA,,,
28_142,28,142,0.088623993,NA,NA,NA,NA,0.003912472,0.207611021,,,
28_143,28,143,0.045776357,0.023837492,0.067003325,0.012099129,0.078547705,NA,NA,,,
28_144,28,144,0.063129253,NA,NA,NA,NA,0.001685019,0.223066468,,,
28_151,28,151,0.10762433,0.048582055,0.167869409,0.013471449,0.201132507,NA,NA,,,
28_152,28,152,0.063976994,0.033652506,0.094051585,0.01881475,0.109937641,NA,NA,,,
28_156,28,156,0.085374498,NA,NA,NA,NA,0.003295937,0.205037637,,,
28_157,28,157,0.103017848,0.055462416,0.152211821,0.031088219,0.174743793,NA,NA,,,
28_162,28,162,0.070060742,0.051866672,0.087179285,0.042261409,0.097107447,NA,NA,,,
28_171,28,171,0.057636103,0.035379493,0.080422081,0.020383749,0.097159726,NA,NA,,,
28_173,28,173,0.184455824,-0.002617146,0.371860441,-0.105630827,0.477177447,NA,NA,,,
28_181,28,181,0.03929644,0.012238478,0.065261952,-0.002231863,0.079892866,NA,NA,,,
28_184,28,184,0.032044419,NA,NA,NA,NA,0.000989029,0.087103052,,,
28_192,28,192,0.054226256,NA,NA,NA,NA,0.002257857,0.125760751,,,
28_201,28,201,0.045836223,0.022039243,0.069483995,0.009181423,0.082996036,NA,NA,,,
28_202,28,202,0.039607742,0.012368037,0.06686091,-0.001413197,0.081832294,NA,NA,,,
28_203,28,203,0.040043893,0.011938098,0.066877459,-0.00362206,0.081570264,NA,NA,,,
28_204,28,204,0.062732543,0.019384055,0.10586428,-0.002791127,0.1295018,NA,NA,,,
28_205,28,205,0.040210075,0.012641626,0.06729915,-0.00363247,0.081849683,NA,NA,,,
28_211,28,211,0.031867091,NA,NA,NA,NA,0.000978591,0.087193607,,,
28_212,28,212,0.046276409,0.022626007,0.069497104,0.007203254,0.083261327,NA,NA,,,
28_213,28,213,0.032348902,NA,NA,NA,NA,0.0010323,0.086721168,,,
28_214,28,214,0.039021753,0.012553247,0.065406858,-0.001938388,0.079904125,NA,NA,,,
28_221,28,221,0.042179019,0.014063537,0.070427314,-0.009816336,0.092101615,NA,NA,,,
28_222,28,222,0.064785684,0.005524551,0.123785341,-0.067980454,0.19246949,NA,NA,,,
28_231,28,231,0.038928585,0.011817297,0.065674117,-0.002657704,0.079627018,NA,NA,,,
28_232,28,232,0.053872718,NA,NA,NA,NA,0.002031855,0.126031909,,,
28_241,28,241,0.038842582,0.012692853,0.066228801,-0.002777704,0.08101199,NA,NA,,,
28_242,28,242,0.03908278,0.011695032,0.066488429,-0.002767885,0.080395539,NA,NA,,,
31_5,31,5,0.029834335,NA,NA,NA,NA,0.000748298,0.100471668,,,
31_9,31,9,0.041344687,NA,NA,NA,NA,0.001244476,0.113800672,,,
31_11,31,11,0.112279389,NA,NA,NA,NA,0.003544439,0.29839249,,,
31_13,31,13,0.04517427,0.016767502,0.073881301,0.000878117,0.089157284,NA,NA,,,
31_14,31,14,0.053493465,0.028177311,0.07953997,0.012755253,0.093623603,NA,NA,,,
31_15,31,15,0.049652034,0.022108485,0.078721997,0.0077947,0.092230753,NA,NA,,,
31_18,31,18,0.028823561,0.0128897,0.045119947,0.00427692,0.053199883,NA,NA,,,
31_20,31,20,0.024078977,0.014375158,0.033974192,0.009183546,0.039094702,NA,NA,,,
31_22,31,22,0.059167229,0.032392552,0.086473411,0.018314307,0.10039099,NA,NA,,,
31_24,31,24,0.041772147,0.027502318,0.05597206,0.019799982,0.063280944,NA,NA,,,
31_28,31,28,0.046165309,0.022049696,0.070885987,0.008904907,0.084024398,NA,NA,,,
31_31,31,31,0.307591279,0.219964236,0.395825969,0.175946921,0.442762982,NA,NA,,,
31_33,31,33,0.055180236,0.036761404,0.074067361,0.02743141,0.083711594,NA,NA,,,
31_122,31,122,0.044877826,0.017674117,0.072814407,0.004686055,0.08910351,NA,NA,,,
31_134,31,134,0.034904063,NA,NA,NA,NA,0.004027593,0.082486092,,,
31_142,31,142,0.015885559,NA,NA,NA,NA,0.00026971,0.07455605,,,
31_143,31,143,0.032091297,0.010013426,0.054961791,-0.002511902,0.066850205,NA,NA,,,
31_145,31,145,0.074014184,0.016506787,0.131094312,-0.0126102,0.157490184,NA,NA,,,
31_151,31,151,0.037169729,0.02513185,0.049200463,0.019211341,0.055990411,NA,NA,,,
31_152,31,152,0.043847374,0.006237387,0.080450837,-0.015153637,0.10137466,NA,NA,,,
31_156,31,156,0.139456192,0.082943489,0.193843864,0.053617007,0.223050939,NA,NA,,,
31_157,31,157,0.047198809,0.034984528,0.059837335,0.028696964,0.066217223,NA,NA,,,
31_161,31,161,0.092426526,NA,NA,NA,NA,0.002783312,0.209947972,,,
31_162,31,162,0.065653879,0.050615439,0.081243071,0.042437721,0.089425361,NA,NA,,,
31_171,31,171,0.04056499,0.027561836,0.05356628,0.020319696,0.060992875,NA,NA,,,
31_173,31,173,0.052231286,0.026498191,0.076873458,0.01279102,0.089063281,NA,NA,,,
31_184,31,184,0.073224028,0.027244052,0.118871845,0.002602719,0.145234804,NA,NA,,,
31_191,31,191,0.060002444,NA,NA,NA,NA,0.002324005,0.140818846,,,
31_192,31,192,0.060036056,NA,NA,NA,NA,0.002392939,0.142211115,,,
31_201,31,201,0.041533906,0.026888475,0.055925066,0.01959065,0.063199921,NA,NA,,,
31_202,31,202,0.054882297,0.036653246,0.073129399,0.02671455,0.083429838,NA,NA,,,
31_203,31,203,0.056544547,0.036295425,0.077768886,0.02504932,0.09048038,NA,NA,,,
31_204,31,204,0.060137181,0.040678989,0.079836297,0.030278808,0.090453075,NA,NA,,,
31_205,31,205,0.0537647,0.034283716,0.073393802,0.023202135,0.083531901,NA,NA,,,
31_212,31,212,0.0431305,0.028094414,0.058385489,0.020335625,0.06688879,NA,NA,,,
31_213,31,213,0.048668333,0.021170412,0.074493346,0.007830431,0.088011272,NA,NA,,,
31_214,31,214,0.037532953,0.020796,0.055489562,0.011812457,0.064224712,NA,NA,,,
31_221,31,221,0.039769146,0.023956965,0.055497226,0.015244944,0.064231369,NA,NA,,,
31_222,31,222,0.037888165,0.021236329,0.055081098,0.012324571,0.06408835,NA,NA,,,
31_231,31,231,0.036894543,0.019789341,0.053272341,0.011449285,0.062343355,NA,NA,,,
31_232,31,232,0.036329899,0.019608313,0.053285164,0.010673209,0.061870288,NA,NA,,,
31_241,31,241,0.045441317,NA,NA,NA,NA,0.002362422,0.093199914,,,
