Group,Br_MCR,NB_MCR,Exposure,Vulnerability,Hazard,Norm_Exposure,Norm_Vulnerability,Norm_Hazard,Risk,Norm_Risk
3_5,3,5,0.12127169,9.782608696,0.856442917,36.76627476,37.42140468,44.53948395,61279.45508,0.128640923
3_9,3,9,0.05638711,8.75,1.018894533,14.745543,29.55769231,61.49496292,26802.22432,0.056130659
3_10,3,10,0.069584443,8.1,1.006840509,19.22449517,24.60769231,60.23685443,28496.27655,0.05969348
3_11,3,11,0.070356679,7.75,1.109343742,19.48657898,21.94230769,70.93537165,30330.58252,0.063551272
3_13,3,13,0.085366206,9.166666667,1.1351766,24.58055943,32.73076923,73.63161125,59239.62204,0.124350879
3_14,3,14,0.127987312,9.84,1.287666669,39.04544355,37.85846154,89.54737864,132368.973,0.27815176
3_15,3,15,0.10035787,9.115384615,1.023936151,29.66847712,32.34023669,62.02116913,59508.41696,0.124916191
3_16,3,16,0.074802527,8.111111111,1.146114456,20.99542481,24.69230769,74.77322242,38764.34443,0.08128861
3_18,3,18,0.06518544,8.157894737,1.14567677,17.73154768,25.048583,74.72754001,33190.24764,0.069565533
3_20,3,20,0.098022264,8.619047619,1.170133128,28.87581172,28.56043956,77.28011087,63733.36149,0.133801819
3_22,3,22,0.043578814,8.3125,1.108678018,10.3986236,26.22596154,70.86588836,19326.11297,0.04040739
3_24,3,24,0.10692117,9.076923077,1.270401213,31.89595033,32.04733728,87.74534016,89691.55619,0.188395401
3_28,3,28,0.084344827,9.210526316,1.299437943,24.23392041,33.06477733,90.77597582,72737.80741,0.152739382
3_31,3,31,0.074085079,9.111111111,1.100214082,20.75193509,32.30769231,69.98248628,46919.55733,0.098440122
3_33,3,33,0.061959812,8.947368421,1.033894219,16.63682423,31.06072874,63.06051739,32586.64121,0.068296068
3_122,3,122,0.110987933,9.5,1.026026516,33.27614118,35.26923077,62.23934562,73045.58369,0.153386677
3_134,3,134,0.099944858,9,0.971189351,29.52830801,31.46153846,56.51585444,52503.56776,0.110184049
3_143,3,143,0.076129306,9.5,1.038191988,21.44571125,35.26923077,63.50908622,48036.605,0.100789424
3_162,3,162,0.067287609,9,0.993270135,18.4449886,31.46153846,58.82048077,34133.97898,0.071550328
3_171,3,171,0.070481252,9,1.001911227,19.52885697,31.46153846,59.72237302,36693.89687,0.07693418
3_173,3,173,0.133486473,11,0.993852969,40.91176616,46.69230769,58.8813126,112478.8973,0.23632025
3_201,3,201,0.123674887,12,1.004752144,37.58187926,54.30769231,60.01888663,122497.6555,0.257391049
3_202,3,202,0.134231854,11,0.925447655,41.16473602,46.69230769,51.74167993,99451.46811,0.208921811
3_203,3,203,0.135663239,11,0.807918025,41.65052364,46.69230769,39.47482039,76769.01481,0.161217554
3_204,3,204,0.134980675,11,0.857831396,41.41887309,46.69230769,44.68440302,86417.07799,0.181508732
3_211,3,211,0.134364057,11,0.790490253,41.20960323,46.69230769,37.65584048,72456.29408,0.152147321
3_212,3,212,0.121113479,13,1.097768813,36.71258055,61.92307692,69.72726748,158514.8983,0.333140165
3_213,3,213,0.087504893,13,1.017473151,25.30639345,61.92307692,61.34660974,96133.18937,0.201943023
3_214,3,214,0.087812378,13,1.037774608,25.41074889,61.92307692,63.46552328,99863.7471,0.209788889
3_221,3,221,0.087776644,13,0.968470111,25.39862133,61.92307692,56.23204058,88439.54814,0.185762259
3_222,3,222,0.088694276,13,1.045853392,25.71005026,61.92307692,64.30872597,102382.4126,0.215085982
3_231,3,231,0.087857117,13,1.048187758,25.42593235,61.92307692,64.55236957,101634.6051,0.213513242
3_232,3,232,0.087993291,13,0.656930916,25.47214758,61.92307692,23.71592063,37407.44781,0.078434874
4_5,4,5,0.145832045,9.814814815,0.659621674,45.1016449,37.66666667,23.99676171,40766.38569,0.085499173
4_9,4,9,0.074260842,9.24,0.822073291,20.811586,33.28923077,40.95224068,28371.78151,0.05943165
4_10,4,10,0.060304652,8.928571429,0.810019267,16.07509053,30.91758242,39.69413219,19728.10026,0.041252823
4_11,4,11,0.07251574,8,0.9125225,20.21932782,23.84615385,50.39264942,24296.97727,0.050861787
4_13,4,13,0.037161605,9.2,0.938355358,8.22073096,32.98461538,53.08888901,14395.45833,0.030037558
4_14,4,14,0.074606529,9.75,1.090845426,20.9289063,37.17307692,69.0046564,53685.05987,0.112668886
4_15,4,15,0.126642454,9.107142857,0.827114909,38.58902162,32.27747253,41.47844689,51663.73193,0.108417761
4_16,4,16,0.070528013,8.416666667,0.949293213,19.54472685,27.01923077,54.23050018,28638.23153,0.05999203
4_18,4,18,0.072259867,8.368421053,0.948855527,20.13248913,26.65182186,54.18481778,29073.81296,0.060908116
4_20,4,20,0.074175309,8.708333333,0.973311885,20.7825578,29.24038462,56.73738863,34478.74275,0.072275412
4_22,4,22,0.044512898,8.4,0.911856776,10.71563567,26.89230769,50.32316612,14501.53477,0.030260651
4_24,4,24,0.048520065,9.033333333,1.073579971,12.07560072,31.71538462,67.20261792,25737.41461,0.053891221
4_28,4,28,0.06905079,9,1.102616701,19.04338233,31.46153846,70.23325358,42079.13758,0.088260067
4_31,4,31,0.068292132,8.833333333,0.903392839,18.7859065,30.19230769,49.43976404,28041.7333,0.058737514
4_33,4,33,0.071824439,8.608695652,0.837072977,19.98471207,28.48160535,42.51779515,24200.98794,0.050659909
4_122,4,122,0.08130588,9,0.829205273,23.2025533,31.46153846,41.69662338,30438.03567,0.063777261
4_134,4,134,0.086392365,8.8,0.774368108,24.92882024,29.93846154,35.97313221,26847.84668,0.056226609
4_136,4,136,0.062508868,7,0.927256915,16.82316449,16.23076923,51.93051691,14179.77827,0.029583954
4_141,4,141,0.062303685,7,0.615797205,16.7535286,16.23076923,19.42269296,5281.470266,0.010869613
4_143,4,143,0.080848342,9.5,0.841370746,23.04727245,35.26923077,42.96636398,34925.62018,0.073215256
4_145,4,145,0.06226049,7,0.877749245,16.73886916,16.23076923,46.76327841,12704.86832,0.02648202
4_151,4,151,0.077237967,8,0.804072513,21.82197216,23.84615385,39.07345478,20332.65778,0.042524289
4_152,4,152,0.084381162,10,0.729114088,24.24625205,39.07692308,31.24985765,29608.26907,0.06203215
4_156,4,156,0.062188796,7,0.860160697,16.71453728,16.23076923,44.92751789,12188.37723,0.025395769
4_157,4,157,0.064492696,7,0.832658322,17.49644214,16.23076923,42.05702665,11943.38449,0.024880517
4_162,4,162,0.069898077,8.4,0.796448892,19.3309373,26.89230769,38.27775853,19898.82727,0.041611885
4_171,4,171,0.065636548,8,0.805089985,17.88464625,23.84615385,39.17965079,16709.33848,0.03490396
4_173,4,173,0.06827373,8.333333333,0.797031726,18.77966115,26.38461538,38.33859036,18996.54672,0.039714267
4_201,4,201,0.068212739,9.5,0.807930902,18.75896198,35.26923077,39.47616439,26117.98931,0.054691621
4_202,4,202,0.073552398,9,0.728626412,20.57115219,31.46153846,31.19895769,20191.96841,0.0422284
4_203,4,203,0.147194417,9,0.611096782,45.56401106,31.46153846,18.93209815,27139.4256,0.056839839
4_204,4,204,0.086271152,9,0.661010154,24.88768278,31.46153846,24.14168078,18903.05167,0.039517635
4_205,4,205,0.06694628,7,0.780541233,18.32914704,16.23076923,36.6174366,10893.54662,0.022672566
4_211,4,211,0.200483086,11,0.59366901,63.64928638,46.69230769,17.11311824,50859.02483,0.106725353
4_212,4,212,0.081388227,10,0.90094757,23.23050025,39.07692308,49.18454524,44648.57292,0.093663936
4_213,4,213,0.064205445,13,0.820651909,17.39895395,61.92307692,40.80388751,43961.97634,0.092219931
4_214,4,214,0.063965218,13,0.840953366,17.31742498,61.92307692,42.92280104,46028.19011,0.096565457
4_221,4,221,0.136303972,13,0.771648868,41.86797764,61.92307692,35.68931834,92527.91259,0.19436064
4_222,4,222,0.110549281,13,0.849032149,33.1272701,61.92307692,43.76600373,89779.06328,0.18857944
4_231,4,231,0.107767137,13,0.851366515,32.18305734,61.92307692,44.00964733,87705.67907,0.184218833
4_232,4,232,0.151190161,13,0.460109674,46.92009901,61.92307692,3.173198397,9219.527712,0.019151879
5_5,5,5,0.25218372,10.03846154,0.501823904,81.19560939,39.36982249,7.527016256,24061.28716,0.050366099
5_9,5,9,0.088840529,9.35,0.664275521,25.7596859,34.12692308,24.48249523,21522.53264,0.045026756
5_10,5,10,0.057074292,9.3,0.652221496,14.97876092,33.74615385,23.22438674,11739.36014,0.024451426
5_11,5,11,0.046081204,7.571428571,0.75472473,11.24789246,20.58241758,33.92290396,7853.451455,0.016278836
5_13,5,13,0.041007384,8.533333333,0.780557588,9.52592339,27.90769231,36.61914356,9735.072573,0.020236139
5_14,5,14,0.029180728,9.166666667,0.933047656,5.512155806,32.73076923,52.53491095,9478.196263,0.019695893
5_15,5,15,0.093711442,9.333333333,0.669317139,27.41279152,34,25.00870144,23308.98284,0.048783902
5_16,5,16,0.055184727,9.142857143,0.791495443,14.33747456,32.54945055,37.76075473,17622.07269,0.036823563
5_18,5,18,0.037910123,8,0.791057757,8.474765425,23.84615385,37.71507232,7621.860092,0.015791768
5_20,5,20,0.051752109,8.631578947,0.815514115,13.17250179,28.65587045,40.26764318,15199.80733,0.031729213
5_22,5,22,0.026777167,7.846153846,0.754059005,4.696427802,22.67455621,33.85342067,3605.031003,0.007343835
5_24,5,24,0.025421633,8.8,0.915782201,4.236382601,29.93846154,50.73287247,6434.489663,0.013294568
5_28,5,28,0.038807507,8.357142857,0.94481893,8.779322219,26.56593407,53.76350813,12539.31113,0.026133831
5_31,5,31,0.042124547,8.75,0.745595069,9.90506959,29.55769231,32.97001859,9652.665287,0.020062825
5_33,5,33,0.071615991,9.136363636,0.679275206,19.91396848,32.5,26.04804969,16858.40132,0.035217459
5_122,5,122,0.076219497,9.666666667,0.671407503,21.47632064,36.53846154,25.22687793,19795.82666,0.041395261
5_134,5,134,0.08206627,9.2,0.616570338,23.46061677,32.98461538,19.50338675,15092.48951,0.031503509
5_135,5,135,0.096632152,12,0.650573858,28.4040314,54.30769231,23.05241866,35559.67894,0.074548767
5_136,5,136,0.096288092,12,0.769459144,28.28726308,54.30769231,35.46077145,54475.40376,0.114331086
5_141,5,141,0.093676612,10,0.457999435,27.4009708,39.07692308,2.952947507,3161.855633,0.006411778
5_142,5,142,0.074371551,10,0.690720381,20.84915886,39.07692308,27.24261107,22195.12671,0.046441312
5_143,5,143,0.098748703,10.16666667,0.683572975,29.12235289,40.34615385,26.49661853,31132.8625,0.065238575
5_145,5,145,0.101802935,10,0.719951475,30.15890777,39.07692308,30.29353295,35701.45325,0.074846937
5_151,5,151,0.073033088,9,0.646274743,20.39490727,31.46153846,22.60370933,14503.78671,0.030265388
5_152,5,152,0.08032706,10,0.571316318,22.87035803,39.07692308,14.7801122,13209.03389,0.027542348
5_155,5,155,0.113012795,12.5,0.489486505,33.96334527,58.11538462,6.239331284,12315.14762,0.025662385
5_156,5,156,0.098519062,10,0.702362927,29.04441676,39.07692308,28.45777244,32298.61666,0.067690313
5_157,5,157,0.082457585,9.4,0.674860552,23.59342238,34.50769231,25.5872812,20832.00167,0.043574476
5_162,5,162,0.035403414,9,0.638651122,7.62403062,31.46153846,21.80801308,5230.951418,0.010763365
5_171,5,171,0.040653154,9.75,0.647292214,9.40570371,37.17307692,22.70990533,7940.267399,0.016461422
5_173,5,173,0.067696283,9.5,0.639233956,18.58368557,35.26923077,21.86884491,14333.54721,0.029907351
5_181,5,181,0.096556805,12,0.516214196,28.3784598,54.30769231,9.028966805,13915.1607,0.029027428
5_183,5,183,0.095167138,12,0.565749828,27.90683027,54.30769231,14.19912379,21519.56088,0.045020506
5_184,5,184,0.112859521,15,0.641079411,33.91132654,77.15384615,22.06145957,57721.36612,0.121157782
5_201,5,201,0.060260431,7,0.650133132,16.06008271,16.23076923,23.00641894,5997.025623,0.012374522
5_202,5,202,0.058712769,7,0.570828642,15.53483249,16.23076923,14.72921224,3713.857174,0.007572711
5_203,5,203,0.060268094,7,0.453299012,16.06268365,16.23076923,2.462352698,641.9592618,0.001112096
5_204,5,204,0.057712799,7,0.503212384,15.19545947,16.23076923,7.671935327,1892.160067,0.003741437
5_205,5,205,0.060356956,7,0.622743463,16.09284161,16.23076923,20.14769114,5262.560778,0.010829844
5_212,5,212,0.060319197,7,0.7431498,16.08002698,16.23076923,32.71479979,8538.27509,0.017719113
6_5,6,5,0.133904205,9.413793103,0.675006713,41.05353715,34.6127321,25.60253645,36380.56636,0.076275204
6_9,6,9,0.062796374,8.911764706,0.83745833,16.92073913,30.78959276,42.55801542,22171.98838,0.046392649
6_10,6,10,0.058005397,8.833333333,0.825404305,15.29476237,30.19230769,41.29990694,19071.64331,0.039872206
6_11,6,11,0.096372704,7.533333333,0.927907539,28.31597922,20.29230769,51.99842416,29878.1158,0.062599674
6_13,6,13,0.07177377,8.484848485,0.953740397,19.96751578,27.53846154,54.69466375,30075.20992,0.063014189
6_14,6,14,0.056306512,8.743589744,1.106230465,14.71818942,29.50887574,70.61043114,30667.32634,0.06425949
6_15,6,15,0.066457791,8.738095238,0.842499948,18.16336217,29.46703297,43.08422163,23059.55398,0.048259319
6_16,6,16,0.080664025,8.8125,0.964678252,22.98471829,30.03365385,55.83627492,38544.62219,0.080826505
6_18,6,18,0.073118884,8.028571429,0.964240566,20.42402487,24.06373626,55.79059252,27419.86825,0.057429648
6_20,6,20,0.095628174,8.444444444,0.988696924,28.06329812,27.23076923,58.34316338,44584.98167,0.093530195
6_22,6,22,0.078532336,8.066666667,0.927241814,22.26125926,24.35384615,51.92894086,28153.13421,0.058971805
6_24,6,24,0.070556338,8.58,1.08896501,19.55434011,28.26307692,68.80839266,38028.04666,0.079740077
6_28,6,28,0.074717892,8.324324324,1.118001739,20.96670107,26.31600832,71.83902832,39637.89362,0.083125802
6_31,6,31,0.074002999,8.518518519,0.918777878,20.72407862,27.79487179,51.04553878,29403.40992,0.061601303
6_33,6,33,0.074501688,8.783783784,0.852458015,20.89332512,29.81496881,44.12356989,27486.06469,0.057568868
6_122,6,122,0.078894343,8.8,0.844590312,22.38411822,29.93846154,43.30239812,29018.93159,0.060792694
6_134,6,134,0.088514368,8.8,0.789753147,25.64899254,29.93846154,37.57890695,28856.51859,0.060451117
6_135,6,135,0.101079568,9,0.823756667,29.91340933,31.46153846,41.12793885,38706.40306,0.081166752
6_136,6,136,0.08126441,8,0.942641954,23.1884791,23.84615385,53.53629165,29603.21584,0.062021522
6_141,6,141,0.071362149,8.5,0.631182244,19.82781866,27.65384615,21.0284677,11530.23366,0.024011605
6_142,6,142,0.129848738,9,0.863903191,39.67718016,31.46153846,45.31813126,56570.85572,0.118738104
6_143,6,143,0.080053054,9,0.856755784,22.77736532,31.46153846,44.57213872,31940.88289,0.066937951
6_145,6,145,0.062318699,8.5,0.893134284,16.75862409,27.65384615,48.36905315,22416.17394,0.046906204
6_151,6,151,0.093975577,8.428571429,0.819457552,27.50243466,27.10989011,40.67922952,30329.94462,0.063549931
6_152,6,152,0.05914789,9,0.744499127,15.68250527,31.46153846,32.85563239,16210.82915,0.033855528
6_155,6,155,0.06526026,10,0.662669314,17.75694029,39.07692308,24.31485148,16871.74937,0.035245532
6_156,6,156,0.079972435,8.666666667,0.875545736,22.75000426,28.92307692,46.53329263,30618.91229,0.064157669
6_157,6,157,0.08167829,8.571428571,0.848043361,23.3289427,28.1978022,43.6628014,28722.47847,0.060169213
6_162,6,162,0.066636173,8.7,0.811833931,18.2239022,29.17692308,39.88353327,21206.76832,0.044362661
6_171,6,171,0.070282167,8.8,0.820475023,19.46129102,29.93846154,40.78542553,23763.26571,0.04973932
6_173,6,173,0.070247581,8.333333333,0.812416765,19.44955291,26.38461538,39.9443651,20498.20882,0.042872465
6_181,6,181,0.050088706,10,0.689397005,12.60797087,39.07692308,27.104487,13353.85784,0.027846932
6_192,6,192,0.050128876,10,0.605815317,12.62160395,39.07692308,18.38085847,9065.686557,0.01882833
6_201,6,201,0.064438407,9.6,0.823315941,17.47801749,36.03076923,41.08193913,25871.20389,0.054172598
6_202,6,202,0.078257311,9,0.744011451,22.16792039,31.46153846,32.80473243,22879.23024,0.047880074
6_203,6,203,0.078689021,9,0.626481821,22.31443523,31.46153846,20.53787289,14418.541,0.030086104
6_204,6,204,0.077704606,9,0.676395193,21.98034152,31.46153846,25.74745552,17805.27593,0.037208864
6_205,6,205,0.064598243,7,0.795926272,17.53226305,16.23076923,38.22321134,10876.87789,0.022637509
6_211,6,211,0.143154752,11,0.609054049,44.19301696,46.69230769,18.71889299,38625.94797,0.080997544
6_212,6,212,0.063317099,11,0.916332609,17.09746433,46.69230769,50.79031998,40546.93157,0.085037631
6_213,6,213,0.087400644,13,0.836036948,25.27101336,61.92307692,42.40966225,66365.13758,0.139336798
6_214,6,214,0.063906628,11.66666667,0.856338405,17.29754052,51.76923077,44.52857578,39874.46539,0.083623344
6_221,6,221,0.074309286,12,0.787033907,20.82802703,54.30769231,37.29509308,42185.30339,0.088483348
6_222,6,222,0.068956542,12,0.864417188,19.01139635,54.30769231,45.37177847,46844.77613,0.098282847
6_231,6,231,0.070414823,11.5,0.866751554,19.50631223,50.5,45.61542207,44934.32761,0.094264916
6_232,6,232,0.07664519,11.5,0.475494713,21.62079346,50.5,4.778973138,5217.922154,0.010735963
6_241,6,241,0.050534145,10,0.660385162,12.75914544,39.07692308,24.07644882,12004.23195,0.025008487
6_242,6,242,0.050284467,10,0.462073327,12.67440893,39.07692308,3.378149709,1673.119525,0.003280765
7_5,7,5,0.075838423,9.4,0.70894314,21.34699054,34.50769231,29.14456566,21468.91824,0.044913998
7_9,7,9,0.074299999,8.592592593,0.871394757,20.82487524,28.35897436,46.10004463,27225.4003,0.057020656
7_10,7,10,0.071131604,8.142857143,0.859340732,19.74957565,24.93406593,44.84193614,22081.83844,0.046203052
7_11,7,11,0.071327285,7.307692308,0.961843966,19.81598643,18.5739645,55.54045337,20442.2986,0.042754878
7_13,7,13,0.077797195,8.518518519,0.987676824,22.01176474,27.79487179,58.23669296,35630.03449,0.074696734
7_14,7,14,0.106724461,8.838709677,1.140166892,31.82919073,30.23325062,74.15246035,71356.90521,0.149835158
7_15,7,15,0.076253344,8.638888889,0.876436375,21.48780762,28.71153846,46.62625084,28765.9729,0.060260687
7_16,7,16,0.083960687,8.357142857,0.998614679,24.10354983,26.56593407,59.37830413,38021.90635,0.079727163
7_18,7,18,0.077892292,7.857142857,0.998176993,22.04403904,22.75824176,59.33262172,29766.20148,0.062364303
7_20,7,20,0.09034685,8.235294118,1.022633351,26.27090574,25.63800905,61.88519258,41681.76392,0.087424337
7_22,7,22,0.089305249,7.826086957,0.961178241,25.91740411,22.52173913,55.47097007,32378.68338,0.067858704
7_24,7,24,0.09633163,8.585365854,1.122901436,28.30203929,28.30393996,72.35042187,57956.97258,0.121653294
7_28,7,28,0.072774116,8.392857143,1.151938166,20.30701645,26.83791209,75.38105753,41082.51973,0.086164045
7_31,7,31,0.075740726,8.368421053,0.952714305,21.31383386,26.65182186,54.58756799,31008.60465,0.064977244
7_33,7,33,0.084233228,8.566666667,0.886394442,24.19604572,28.16153846,47.6655991,32479.2378,0.068070184
7_122,7,122,0.080104663,9,0.878526739,22.79488028,31.46153846,46.84442733,33595.04331,0.070416873
7_134,7,134,0.08159845,8.857142857,0.823689574,23.30184665,30.37362637,41.12093616,29103.81891,0.060971223
7_135,7,135,0.10036197,9,0.857693094,29.66986859,31.46153846,44.66996806,41697.61552,0.087457675
7_136,7,136,0.072960115,8,0.97657838,20.37014133,23.84615385,57.07832086,27725.76719,0.058072995
7_141,7,141,0.064688206,8.5,0.665118671,17.56279507,27.65384615,24.57049691,11933.37026,0.024859455
7_142,7,142,0.099717467,9,0.897839617,29.45113512,31.46153846,48.86016047,45272.75077,0.094976666
7_143,7,143,0.07541478,9.333333333,0.890692211,21.20321315,34,48.11416793,34685.94857,0.072711194
7_145,7,145,0.064559647,8.5,0.927070711,17.51916414,27.65384615,51.91108236,25149.4799,0.052654715
7_151,7,151,0.072996692,8.6,0.853393979,20.3825548,28.41538462,44.22125873,25611.98612,0.053627428
7_152,7,152,0.098657258,9.5,0.778435554,29.09131809,35.26923077,36.3976616,37345.03491,0.078303611
7_155,7,155,0.066571115,10,0.696605741,18.2018226,39.07692308,27.85688069,19813.79756,0.041433056
7_156,7,156,0.070725368,8.666666667,0.909482162,19.61170589,28.92307692,50.07532184,28404.26878,0.059499975
7_157,7,157,0.069517996,8.25,0.881979787,19.20194422,25.75,47.2048306,23340.43149,0.048850042
7_162,7,162,0.070942469,8.714285714,0.845770358,19.68538621,29.28571429,43.42556248,25034.86266,0.05241366
7_171,7,171,0.100978241,8.8,0.85441145,29.87902063,29.93846154,44.32745473,39652.32275,0.083156148
7_173,7,173,0.068050838,8.333333333,0.846353192,18.70401552,26.38461538,43.48639431,21460.45974,0.044896209
7_201,7,201,0.075156803,9.5,0.857252368,21.11566014,35.26923077,44.62396834,33232.94585,0.069655334
7_202,7,202,0.118289972,9,0.777947878,35.75433018,31.46153846,36.34676164,40885.97183,0.085750679
7_203,7,203,0.134294118,9,0.660418248,41.18586735,31.46153846,24.0799021,31202.0328,0.06538405
7_204,7,204,0.118888149,9,0.71033162,35.95734138,31.46153846,29.28948473,33134.41142,0.069448102
7_205,7,205,0.066598521,7,0.829862699,18.21112347,16.23076923,41.76524054,12344.99246,0.025725152
7_211,7,211,0.09666089,11,0.642990476,28.41378454,46.69230769,22.26092219,29533.68057,0.06187528
7_212,7,212,0.065606409,10,0.950269036,17.87441764,39.07692308,54.33234919,37949.90948,0.079575744
7_213,7,213,0.061101497,13,0.869973375,16.34552657,61.92307692,45.95169146,46510.70753,0.097580256
7_214,7,214,0.075850067,12.5,0.890274832,21.35094226,58.11538462,48.07060499,59646.88257,0.125207403
7_221,7,221,0.173095306,12.5,0.820970334,54.35433594,58.11538462,40.83712229,128997.2468,0.271060566
7_222,7,222,0.107171411,13,0.898353615,31.98087786,61.92307692,48.91380768,96866.6723,0.203485637
7_231,7,231,0.078786951,12.5,0.900687981,22.34767111,58.11538462,49.15745128,63842.92042,0.134032236
7_232,7,232,0.173006547,12.5,0.50943114,54.32421258,58.11538462,8.321002346,26270.00775,0.055011336
8_5,8,5,0.033876188,9.1,0.706949113,7.105715832,32.22307692,28.93644407,6625.520532,0.013696332
8_9,8,9,0.048161138,8.263157895,0.869400729,11.95378678,25.85020243,45.89192304,14180.96255,0.029586445
8_10,8,10,0.054146164,8.384615385,0.857346705,13.98500367,26.77514793,44.63381456,16713.15605,0.034911989
8_11,8,11,0.062471771,7.533333333,0.959849938,16.81057422,20.29230769,55.33233178,18875.26074,0.039459187
8_13,8,13,0.105197401,8.32,0.985682796,31.3109323,26.28307692,58.02857137,47754.47599,0.100196069
8_14,8,14,0.195341649,8.903225806,1.138172864,61.90436947,30.72456576,73.94433876,140641.0136,0.295548977
8_15,8,15,0.048179622,8.269230769,0.874442347,11.96005994,25.8964497,46.41812925,14376.76645,0.029998247
8_16,8,16,0.062483503,8.357142857,0.996620652,16.8145561,26.56593407,59.17018254,26430.98852,0.0553499
8_18,8,18,0.063346049,7.791666667,0.996182966,17.10728944,22.25961538,59.12450014,22514.70917,0.047113437
8_20,8,20,0.081217269,8.142857143,1.020639324,23.17248003,24.93406593,61.677071,35636.03373,0.074709351
8_22,8,22,0.080805849,7.916666667,0.959184214,23.03285104,23.21153846,55.26284848,29545.06106,0.061899215
8_24,8,24,0.106106397,8.529411765,1.120907409,31.6194302,27.87782805,72.14230029,63592.06977,0.133504663
8_28,8,28,0.064241413,8.535714286,1.149944139,17.41116092,27.92582418,75.17293594,36550.66149,0.076632937
8_31,8,31,0.075257035,8.1875,0.950720278,21.1496771,25.27403846,54.3794464,29067.86706,0.060895611
8_33,8,33,0.060646336,8.3,0.884400415,16.19105235,26.13076923,47.45747751,20078.53038,0.041989825
8_122,8,122,0.106357635,11,0.876532711,31.70469611,46.69230769,46.63630574,69038.77463,0.144959817
8_134,8,134,0.097878129,10,0.821695547,28.82689482,39.07692308,40.91281457,46086.90895,0.09668895
8_135,8,135,0.096781078,9,0.855699067,28.45457419,31.46153846,44.46184647,39803.3423,0.083473763
8_136,8,136,0.095935895,9,0.974584353,28.16773333,31.46153846,56.87019927,50398.38342,0.105756562
8_142,8,142,0.096265932,9,0.89584559,28.2797423,31.46153846,48.65203888,43286.89638,0.090800147
8_143,8,143,0.075393477,9,0.888698184,21.19598326,31.46153846,47.90604634,31946.54187,0.066949853
8_151,8,151,0.078545917,8.666666667,0.851399952,22.26586841,28.92307692,44.01313714,28344.34698,0.059373951
8_152,8,152,0.097197722,9.5,0.776441526,28.59597613,35.26923077,36.18954002,36499.25304,0.076524818
8_156,8,156,0.096570817,9,0.907488135,28.38321519,31.46153846,49.86720025,44530.39335,0.093415388
8_157,8,157,0.071755713,8,0.87998576,19.96138769,23.84615385,46.99670902,22370.54261,0.046810235
8_162,8,162,0.086129656,8.25,0.843776331,24.8396612,25.75,43.2174409,27642.79469,0.057898492
8_171,8,171,0.083711465,9.25,0.852417423,24.01896829,33.36538462,44.11933315,35357.3269,0.074123193
8_173,8,173,0.076076501,9,0.844359165,21.42779022,31.46153846,43.27827272,29176.10149,0.061123243
8_201,8,201,0.09506429,9,0.85525834,27.8719253,31.46153846,44.41584675,38947.97397,0.081674808
8_202,8,202,0.076647051,9,0.77595385,21.62142512,31.46153846,36.13864005,24583.06769,0.051463474
8_203,8,203,0.07678138,9,0.658424221,21.66701423,31.46153846,23.87178051,16272.85809,0.033985983
8_204,8,204,0.076234752,9,0.708337592,21.48149788,31.46153846,29.08136314,19654.37672,0.041097773
8_205,8,205,0.062991417,7,0.827868672,16.98693352,16.23076923,41.55711896,11457.75474,0.023859172
8_211,8,211,0.143177923,11,0.640996448,44.2008807,46.69230769,22.05280061,45513.47675,0.095482945
8_212,8,212,0.062783393,7,0.948275009,16.9163337,16.23076923,54.1242276,14860.62442,0.031015865
8_214,8,214,0.200939134,12,0.888280804,63.80406143,54.30769231,47.8624834,165845.9621,0.34855838
8_221,8,221,0.202501747,12,0.818976306,64.33438593,54.30769231,40.62900071,141951.7168,0.298305562
8_231,8,231,0.200328662,12,0.898693954,63.59687732,54.30769231,48.94932969,169061.1775,0.355320412
8_232,8,232,0.195639702,12,0.507437112,62.00552335,54.30769231,8.112880759,27319.12713,0.057217776
9_5,9,5,0.061987025,9.4,0.664275521,16.64605964,34.50769231,24.48249523,14063.16401,0.029338699
9_9,9,9,0.16467622,8.78125,0.826727137,51.49704001,29.79567308,41.4379742,63581.97049,0.133483423
9_10,9,10,0.070946566,8.8125,0.814673113,19.68677684,30.03365385,40.17986571,23756.98209,0.049726105
9_11,9,11,0.049738796,7.714285714,0.917176346,12.4892173,21.67032967,50.87838293,13770.00316,0.028722142
9_13,9,13,0.045832286,7.791666667,0.943009204,11.16341398,22.25961538,53.57462253,13312.93483,0.027760865
9_14,9,14,0.035401246,8.137931034,1.095499272,7.623294792,24.89655172,69.49038992,13188.84191,0.027499881
9_15,9,15,0.14484367,8.681818182,0.831768755,44.76620703,29.03846154,41.96418041,54550.99142,0.114490057
9_16,9,16,0.08700082,9,0.95394706,25.13531976,31.46153846,54.71623369,43269.3694,0.090763285
9_18,9,18,0.036931322,8.027027027,0.953509374,8.142576718,24.05197505,54.67055129,10706.95696,0.022280143
9_20,9,20,0.046280295,8.340909091,0.977965732,11.31546042,26.44230769,57.22312215,17121.5522,0.035770901
9_22,9,22,0.047589332,7.653846154,0.916510622,11.75972573,21.21005917,50.80889963,12672.9833,0.026414961
9_24,9,24,0.029457234,8.175,1.078233817,5.605997382,25.17884615,67.68835144,9554.383114,0.019856125
9_28,9,28,0.042431975,7.741935484,1.107270547,10.00940556,21.8808933,70.7189871,15488.50022,0.032336373
9_31,9,31,0.083881025,8.28,0.908046686,24.07651383,25.97846154,49.92549756,31226.94032,0.065436434
9_33,9,33,0.113466418,8.904761905,0.841726823,34.11729723,30.73626374,43.00352866,45095.14485,0.094603137
9_122,9,122,0.079918589,9.333333333,0.833859119,22.73172987,34,42.1823569,32601.85003,0.068328054
9_134,9,134,0.094105749,8.875,0.779021955,27.54661278,30.50961538,36.45886572,30641.36373,0.064204887
9_135,9,135,0.10917031,12,0.813025475,32.65927077,54.30769231,40.00789763,70959.99276,0.149000398
9_136,9,136,0.102064554,10,0.931910761,30.24769683,39.07692308,52.41625042,61955.32252,0.130062363
9_141,9,141,0.051728835,10,0.620451052,13.164603,39.07692308,19.90842648,10241.5352,0.021301298
9_143,9,143,0.104452652,9.307692308,0.846024592,31.05817703,33.80473373,43.4520975,45620.93961,0.095708954
9_145,9,145,0.087948706,10,0.882403092,25.45701631,39.07692308,47.24901192,47002.46035,0.098614478
9_151,9,151,0.058136732,8.285714286,0.80872636,15.33933506,26.02197802,39.5591883,15790.43927,0.032971391
9_152,9,152,0.097718403,9,0.733767935,28.77268655,31.46153846,31.73559117,28728.10391,0.060181044
9_155,9,155,0.122186105,12,0.651938122,37.07661191,54.30769231,23.19481025,46703.79958,0.097986355
9_156,9,156,0.021063752,10,0.864814543,2.757391357,39.07692308,45.41325141,4893.29464,0.010053227
9_157,9,157,0.063616648,8.875,0.837312168,17.19912637,30.50961538,42.54276017,22323.83396,0.046712001
9_162,9,162,0.042500547,8.5,0.801102739,10.03267779,27.65384615,38.76349205,10754.62573,0.022380397
9_171,9,171,0.038859607,8.5,0.809743831,8.79700409,27.65384615,39.6653843,9649.437615,0.020056037
9_173,9,173,0.048354884,8,0.801685573,12.01954095,23.84615385,38.82432388,11127.82083,0.023165276
9_181,9,181,0.051911618,10,0.678665813,13.22663658,39.07692308,25.98444577,13430.22347,0.028007539
9_182,9,182,0.074046975,13,0.73810839,20.73900319,61.92307692,32.18861529,41337.35655,0.086700002
9_183,9,183,0.109314081,12,0.728201444,32.70806407,54.30769231,31.15460276,55339.90466,0.116149248
9_184,9,184,0.047690485,11,0.803531027,11.79405508,46.69230769,39.01693854,21486.30221,0.044950559
9_191,9,191,0.073393341,13,0.808580256,20.51717103,61.92307692,39.54393909,50240.03522,0.105423535
9_192,9,192,0.066099613,10,0.595084125,18.04180269,39.07692308,17.26081725,12169.1892,0.025355414
9_201,9,201,0.046830332,7.333333333,0.812584748,11.50213383,18.76923077,39.96189791,8627.222455,0.017906181
9_202,9,202,0.041631651,6,0.733280258,9.737789269,8.615384615,31.68469121,2658.180827,0.005352482
9_203,9,203,0.041755943,6,0.615750629,9.779971897,8.615384615,19.41783167,1636.111921,0.003202933
9_204,9,204,0.041453063,6,0.665664,9.677179273,8.615384615,24.6274143,2053.252089,0.004080235
9_205,9,205,0.042026933,6,0.78519508,9.871941067,8.615384615,37.10317011,3155.645737,0.006398718
9_211,9,211,0.031888262,5,0.598322857,6.4310474,1,17.59885176,113.1790499,0
9_212,9,212,0.047252469,7.333333333,0.905601417,11.64539981,18.76923077,49.67027876,10856.69093,0.022595054
9_213,9,213,0.032096143,5,0.825305755,6.501598587,1,41.28962102,268.4485417,0.000326553
9_214,9,214,0.043380063,7.333333333,0.845607212,10.3311706,18.76923077,43.40853456,8417.267546,0.017464617
9_221,9,221,0.049889028,9.2,0.776302714,12.54020349,32.98461538,36.17505186,14963.22377,0.031231646
9_222,9,222,0.067183049,9.333333333,0.853685996,18.4095025,34,44.25173725,27698.18389,0.058014983
9_231,9,231,0.04596752,8.25,0.856020362,11.20930994,25.75,44.49538085,12843.13476,0.026772813
9_232,9,232,0.125061522,10.25,0.46476352,38.0524798,40.98076923,3.658931913,5705.811214,0.011762059
9_241,9,241,0.042832168,7.333333333,0.64965397,10.14522432,18.76923077,22.95640759,4371.314517,0.008955433
9_242,9,242,0.041964792,7.5,0.451342134,9.850851655,20.03846154,2.258108484,445.7413837,0.000699423
10_5,10,5,0.12214286,9.111111111,0.652221496,37.06193512,32.30769231,23.22438674,27808.54617,0.05824709
10_9,10,9,0.105157263,8.882352941,0.814673113,31.29731007,30.56561086,40.17986571,38436.91942,0.080599991
10_10,10,10,0.161285031,8.947368421,0.802619089,50.3461279,31.06072874,38.92175723,60865.3544,0.127770013
10_11,10,11,0.068815975,7.714285714,0.905122322,18.96369,21.67032967,49.62027445,20391.42271,0.04264788
10_13,10,13,0.039943921,8.185185185,0.93095518,9.165002196,25.25641026,52.31651404,12109.96799,0.025230864
10_14,10,14,0.047075579,8.2,1.083445248,11.58536632,25.36923077,68.23228143,20054.27481,0.041938812
10_15,10,15,0.096878788,8.6,0.819714731,28.48773532,28.41538462,40.70607192,32951.15637,0.069062692
10_16,10,16,0.094779175,9,0.941893036,27.77516231,31.46153846,53.45812521,46714.34729,0.098008538
10_18,10,18,0.073334776,7.970588235,0.941455349,20.49729481,23.62217195,53.41244281,25861.80392,0.054152829
10_20,10,20,0.055769098,8.205128205,0.965911707,14.53580032,25.40828402,55.96501367,20669.54412,0.043232806
10_22,10,22,0.060492495,7.846153846,0.904456598,16.13884159,22.67455621,49.55079115,18132.66958,0.037897417
10_24,10,24,0.035898614,8.131578947,1.066179793,7.792093058,24.84817814,66.43024296,12862.17823,0.026812864
10_28,10,28,0.057058589,8.0625,1.095216523,14.97343176,24.32211538,69.46087861,25296.64724,0.052964228
10_31,10,31,0.040098188,8.136363636,0.895992661,9.21735786,24.88461538,48.66738907,11162.85875,0.023238966
10_33,10,33,0.106572487,8.75,0.829672799,31.77761323,29.55769231,41.74542018,39210.34246,0.082226604
10_122,10,122,0.090121415,9.375,0.821805095,26.19439699,34.31730769,40.92424841,36787.67373,0.077131405
10_134,10,134,0.101001068,9,0.76696793,29.88676757,31.46153846,35.20075724,33098.69781,0.069372992
10_136,10,136,0.085940472,8,0.919856737,24.77545557,23.84615385,51.15814194,30224.19574,0.063327527
10_141,10,141,0.022447234,10,0.608397027,3.226921833,39.07692308,18.65031799,2351.771085,0.004708061
10_143,10,143,0.106991584,8.777777778,0.833970568,31.9198479,29.76923077,42.19398901,40093.96542,0.084084982
10_145,10,145,0.083696325,10,0.870349067,24.01382977,39.07692308,45.99090344,43157.24654,0.090527475
10_151,10,151,0.099064615,8.6,0.796672335,29.22956825,28.41538462,38.30107981,31811.7058,0.066666274
10_152,10,152,0.077555934,9,0.72171391,21.9298848,31.46153846,30.47748269,21027.87561,0.043986426
10_155,10,155,0.104878814,11.5,0.639884097,31.20280942,50.5,21.93670177,34566.57959,0.072460145
10_156,10,156,0.05454,10,0.852760519,14.11866497,39.07692308,44.15514292,24361.00985,0.050996456
10_157,10,157,0.094858393,8.8,0.825258144,27.80204736,29.93846154,41.28465169,34363.30153,0.072032624
10_162,10,162,0.065339081,9.142857143,0.789048715,17.78369097,32.54945055,37.50538357,21709.96764,0.045420957
10_171,10,171,0.031855132,7,0.797689807,6.419803512,16.23076923,38.40727582,4001.974741,0.008178661
10_173,10,173,0.036178018,7,0.789631548,7.886918198,16.23076923,37.56621539,4808.879378,0.009875691
10_181,10,181,0.056359408,11.5,0.666611788,14.73614129,50.5,24.72633729,18400.72539,0.038461175
10_182,10,182,0.077182338,13,0.726054366,21.80309263,61.92307692,30.9305068,41759.72826,0.087588306
10_184,10,184,0.076931643,13,0.791477003,21.71801108,61.92307692,37.75883006,50779.81425,0.106558763
10_191,10,191,0.077121512,13,0.796526232,21.78244928,61.92307692,38.28583061,51641.31741,0.10837062
10_192,10,192,0.048808457,10,0.5830301,12.1734762,39.07692308,16.00270876,7612.520453,0.015772126
10_201,10,201,0.048148548,8.5,0.800530724,11.94951404,27.65384615,38.70378942,12789.6681,0.026660365
10_202,10,202,0.041050952,7,0.721226234,9.540709731,16.23076923,30.42658272,4711.649377,0.009671203
10_203,10,203,0.047182342,7,0.603696604,11.62159995,16.23076923,18.15972318,3425.42331,0.006966096
10_204,10,204,0.034923079,7,0.653609976,7.461013137,16.23076923,23.36930581,2829.975785,0.00571379
10_205,10,205,0.048839951,7,0.773141055,12.18416444,16.23076923,35.84506163,7088.66065,0.014670378
10_212,10,212,0.048179896,8.5,0.893547392,11.96015307,27.65384615,48.41217027,16012.04612,0.03343746
10_214,10,214,0.048665505,10,0.833553188,12.12496042,39.07692308,42.15042607,19971.13091,0.041763949
10_221,10,221,0.067415699,11.33333333,0.76424869,18.48846016,49.23076923,34.91694338,31781.44081,0.066602623
10_222,10,222,0.056773857,10.5,0.841631971,14.87679841,42.88461538,42.99362876,27429.3237,0.057449534
10_231,10,231,0.056982082,10.5,0.843966338,14.94746657,42.88461538,43.23727236,27715.79872,0.058052029
10_232,10,232,0.087867118,11.33333333,0.452709496,25.4293265,49.23076923,2.400823429,3005.603586,0.006083159
10_241,10,241,0.048584545,10,0.637599945,12.09748393,39.07692308,21.69829911,10257.49008,0.021334853
10_242,10,242,0.048616572,10,0.43928811,12.10835348,39.07692308,1,473.1571975,0.000757083
11_5,11,5,0.032047687,8.636363636,0.75472473,6.485153367,28.69230769,33.92290396,6312.170969,0.013037316
11_9,11,9,0.044210787,8.59375,0.917176346,10.61310443,28.36778846,50.87838293,15317.97009,0.031977725
11_10,11,10,0.071045609,8.375,0.905122322,19.72039035,26.70192308,49.62027445,26128.66434,0.054714072
11_11,11,11,0.129453738,7.666666667,1.007625555,39.54312395,21.30769231,60.31879167,50822.96824,0.106649521
11_13,11,13,0.04004245,7.966666667,1.033458413,9.198441121,23.59230769,63.01503127,13675.04652,0.028522435
11_14,11,14,0.040745263,8.028571429,1.185948481,9.436964007,24.06373626,78.93079865,17924.28559,0.037459158
11_15,11,15,0.039142661,8.511627907,0.922217964,8.893068003,27.74239714,51.40458915,12682.28446,0.026434523
11_16,11,16,0.089040829,8.666666667,1.044396269,25.82766448,28.92307692,64.15664243,47926.00803,0.100556824
11_18,11,18,0.092884811,8.125,1.043958583,27.13224685,24.79807692,64.11096003,43135.61982,0.090481992
11_20,11,20,0.150847626,8.660377358,1.068414941,46.80384846,28.87518142,66.66353089,90093.73647,0.18924124
11_22,11,22,0.093816094,8,1.006959831,27.44830889,23.84615385,60.24930837,39435.37726,0.082699883
11_24,11,24,0.10013356,8.58490566,1.168683026,29.59235029,28.30043541,77.12876018,64593.51626,0.13561084
11_28,11,28,0.049421141,7.810810811,1.197719756,12.38141075,22.40540541,80.15939584,22237.06026,0.046529504
11_31,11,31,0.056866892,8.657142857,0.998495895,14.9083729,28.85054945,59.3659063,25534.15193,0.053463732
11_33,11,33,0.071604419,8.738095238,0.932176032,19.91004082,29.46703297,52.4439374,30768.32468,0.064471903
11_122,11,122,0.058948994,9.416666667,0.924308328,15.61500339,34.63461538,51.62276564,27918.60536,0.058478559
11_134,11,134,0.066421569,8.866666667,0.869471164,18.15106899,30.44615385,45.89927446,25365.32702,0.053108671
11_135,11,135,0.167606745,9,0.903474684,52.49161069,31.46153846,49.44830637,81662.2377,0.171508662
11_136,11,136,0.068671542,8,1.02235997,18.91467215,23.84615385,61.85665916,27899.96252,0.058439351
11_141,11,141,0.064955249,8.5,0.710900261,17.65342475,27.65384615,29.34883521,14327.66382,0.029894977
11_142,11,142,0.092404634,9,0.943621207,26.9692832,31.46153846,53.63849878,45512.00556,0.095479851
11_143,11,143,0.082396226,8.846153846,0.936473801,23.57259837,30.28994083,52.89250624,37765.91641,0.079188782
11_144,11,144,0.165983279,12,0.996845556,51.94063384,54.30769231,59.19365636,166972.0429,0.35092668
11_145,11,145,0.031082592,8.5,0.972852301,6.157616626,27.65384615,56.68942066,9653.17562,0.020063899
11_151,11,151,0.095993235,8,0.899175569,28.18719381,23.84615385,48.99959704,32935.38099,0.069029515
11_152,11,152,0.133233586,9,0.824217144,40.82594063,31.46153846,41.17599991,52888.38549,0.110993372
11_155,11,155,0.049361849,11.5,0.742387331,12.36128784,50.5,32.63521899,20372.37345,0.042607816
11_156,11,156,0.076580846,8.666666667,0.955263752,21.59895631,28.92307692,54.85366015,34267.5354,0.071831215
11_157,11,157,0.071125167,8.125,0.927761377,19.747391,24.79807692,51.98316891,25456.01856,0.053299407
11_161,11,161,0.020294773,18,0.788779758,2.496412782,100,37.47731188,9355.88404,0.019438654
11_162,11,162,0.056392574,8.363636364,0.891551948,14.74739748,26.61538462,48.20390079,18920.40011,0.039554121
11_171,11,171,0.051349447,7.4,0.90019304,13.03584531,19.27692308,49.10579304,12339.84322,0.025714323
11_173,11,173,0.051707349,6.333333333,0.892134782,13.15731118,11.15384615,48.26473262,7083.072724,0.014658626
11_181,11,181,0.048738972,9.333333333,0.769115022,12.14989415,34,35.42485451,14633.87991,0.030538991
11_182,11,182,0.07750561,13,0.828557599,21.91280554,61.92307692,41.62902403,56486.77002,0.11856126
11_184,11,184,0.046166823,9,0.893980236,11.27695016,31.46153846,48.45734728,17192.19199,0.035919466
11_191,11,191,0.077571948,13,0.899029465,21.93531966,61.92307692,48.98434783,66535.56148,0.139695223
11_192,11,192,0.054680087,10,0.685533334,14.16620811,39.07692308,26.70122599,14781.04639,0.030848502
11_201,11,201,0.072071939,8.833333333,0.903033957,20.06870952,30.19230769,49.40230665,29933.8779,0.062716949
11_202,11,202,0.04905775,7.666666667,0.823729467,12.2580819,21.30769231,41.12509995,10741.52397,0.022352842
11_203,11,203,0.044149139,6,0.706199838,10.59218196,8.615384615,28.85824041,2633.47955,0.005300532
11_204,11,204,0.048609209,7.666666667,0.756113209,12.1058547,21.30769231,34.06782304,8787.720923,0.018243731
11_205,11,205,0.044173234,6,0.875644289,10.60035971,8.615384615,46.54357885,4250.647072,0.008701653
11_211,11,211,0.036067032,5,0.688772066,7.849251263,1,27.0392605,212.2379496,0.000208334
11_212,11,212,0.0563393,10,0.996050626,14.72931714,39.07692308,59.1106875,34022.7163,0.071316327
11_213,11,213,0.046176285,9,0.915754964,11.28016139,31.46153846,50.73002976,18003.64274,0.037626056
11_214,11,214,0.052414146,9.75,0.936056421,13.39718592,37.17307692,52.8489433,26319.54655,0.055115523
11_221,11,221,0.058392394,11,0.866751923,15.42610267,46.69230769,45.6154606,32855.91912,0.068862396
11_222,11,222,0.074625265,11.8,0.944135205,20.93526508,52.78461538,53.69214599,59333.0383,0.124547346
11_231,11,231,0.055449069,10,0.946469571,14.42718756,39.07692308,53.93578959,30407.38541,0.063712799
11_232,11,232,0.102753325,11.6,0.555212729,30.48145426,51.26153846,13.09934065,20468.06349,0.042809065
11_241,11,241,0.047847311,8.666666667,0.740103179,11.84727925,28.92307692,32.39681633,11101.0856,0.023109048
11_242,11,242,0.04312119,7.5,0.541791343,10.24331358,20.03846154,11.69851722,2401.240515,0.004812102
12_5,12,5,0.136482811,10.61111111,0.677909442,41.92867264,43.73076923,25.90550145,47499.63078,0.099660095
12_9,12,9,0.090549897,9.785714286,0.840361058,26.33981666,37.44505495,42.86098042,42273.60848,0.088669066
12_10,12,10,0.075395258,10.4,0.828307034,21.19658776,42.12307692,41.60287193,37145.76892,0.077884528
12_11,12,11,0.063570328,9,0.930810267,17.18340586,31.46153846,52.30138916,28274.9879,0.05922808
12_13,12,13,0.048810151,9.666666667,0.956643125,12.17405081,36.53846154,54.99762875,24464.10501,0.051213279
12_14,12,14,0.032273435,10.73333333,1.109133193,6.561768548,44.66153846,70.91339614,20781.78615,0.043468866
12_15,12,15,0.240339092,9.5,0.845402676,77.17574246,35.26923077,43.38718663,118096.8446,0.248135551
12_16,12,16,0.07521244,8.428571429,0.967580981,21.13454251,27.10989011,56.13923992,32165.26523,0.067409857
12_18,12,18,0.061757067,8.583333333,0.967143295,16.56801586,28.28846154,56.09355751,26290.13493,0.055053666
12_20,12,20,0.070943166,9.076923077,0.991599653,19.68562297,32.04733728,58.64612837,36998.18849,0.077574146
12_22,12,22,0.06263742,8.25,0.930144543,16.86679283,25.75,52.23190586,22685.35694,0.047472332
12_24,12,24,0.058154085,9.4,1.091867738,15.34522447,34.50769231,69.11135766,36596.41866,0.07672917
12_28,12,28,0.049480127,10,1.120904468,12.40142963,39.07692308,72.14199332,34960.71059,0.073289056
12_31,12,31,0.073098251,9.714285714,0.921680607,20.41702225,36.9010989,51.34850378,38686.50484,0.081124903
12_33,12,33,0.057400067,9.153846154,0.855360744,15.08932357,32.63313609,44.42653489,21876.15666,0.045770475
12_122,12,122,0.106890835,9.666666667,0.84749304,31.88565536,36.53846154,43.60536312,50802.55005,0.106606579
12_134,12,134,0.109085863,9.25,0.792655876,32.63061064,33.36538462,37.88187195,41243.23933,0.08650206
12_143,12,143,0.071913253,9,0.859658513,20.01485397,31.46153846,44.87510372,28257.76746,0.059191863
12_151,12,151,0.099920806,10,0.822360281,29.52014493,39.07692308,40.98219452,47275.27412,0.099188243
12_152,12,152,0.099457831,10,0.747401856,29.36301924,39.07692308,33.15859739,38046.71991,0.079779349
12_162,12,162,0.069333443,8.5,0.81473666,19.13931009,27.65384615,40.18649827,21269.73045,0.044495079
12_171,12,171,0.068292506,9,0.823377752,18.78603366,31.46153846,41.08839052,24284.78046,0.050836136
12_173,12,173,0.116552975,11,0.815319494,35.16482248,46.69230769,40.2473301,66083.16634,0.138743775
12_201,12,201,0.09863007,12,0.826218669,29.08209098,54.30769231,41.38490413,65362.54155,0.137228204
12_202,12,202,0.116249984,11,0.746914179,35.06199252,46.69230769,33.10769743,54201.45051,0.113754925
12_203,12,203,0.236226535,11,0.62938455,75.78001004,46.69230769,20.84083789,73742.04423,0.154851427
12_204,12,204,0.178375186,11,0.679297921,56.14623788,46.69230769,26.05042052,68293.71509,0.143392857
12_211,12,211,0.117277888,11,0.611956778,35.41084578,46.69230769,19.02185798,31451.00833,0.065907679
12_212,12,212,0.090957278,13,0.919235338,26.47807467,61.92307692,51.09328498,83772.74699,0.175947347
12_213,12,213,0.091076073,13,0.838939676,26.51839192,61.92307692,42.71262724,70138.42324,0.147272527
12_214,12,214,0.090758598,13,0.859241133,26.41064613,61.92307692,44.83154078,73318.77823,0.153961242
12_221,12,221,0.0907735,13,0.789936635,26.41570369,61.92307692,37.59805808,61500.70962,0.129106251
12_222,12,222,0.091113336,13,0.867319917,26.53103824,61.92307692,45.67474347,75038.28342,0.157577593
12_231,12,231,0.090698158,13,0.869654283,26.3901338,61.92307692,45.91838707,75037.91267,0.157576813
12_232,12,232,0.091158527,13,0.478397441,26.54637536,61.92307692,5.081938135,8353.858847,0.01733126
13_5,13,5,0.026028822,8.45,0.780557588,4.442452242,27.27307692,36.61914356,4436.751328,0.009093055
13_9,13,9,0.020629974,8.272727273,0.943009204,2.610174131,25.92307692,53.57462253,3625.059585,0.007385958
13_10,13,10,0.033179451,8.533333333,0.93095518,6.869254915,27.90769231,52.31651404,10029.34007,0.020855023
13_11,13,11,0.024025182,7.533333333,1.033458413,3.76245077,20.29230769,63.01503127,4811.122568,0.009880408
13_13,13,13,0.1893634,8.342857143,1.059291271,59.87545241,26.45714286,65.71127086,104095.4188,0.218688665
13_14,13,14,0.037469511,8.512195122,1.211781339,8.325228934,27.7467167,81.62703825,18855.6637,0.039417971
13_15,13,15,0.016646357,8.058823529,0.948050822,1.25820176,24.29411765,54.10082874,1653.694707,0.003239912
13_16,13,16,0.041228909,8.642857143,1.070229127,9.601105269,28.74175824,66.85288203,18448.22972,0.038561083
13_18,13,18,0.03294495,7.84375,1.069791441,6.78966942,22.65625,66.80719962,10276.84782,0.021375565
13_20,13,20,0.091443397,8.479166667,1.094247799,26.64305552,27.49519231,69.35977048,50809.91153,0.106622061
13_22,13,22,0.116713474,8.181818182,1.032792689,35.21929329,25.23076923,62.94554797,55934.03465,0.117398783
13_24,13,24,0.136030022,8.622641509,1.194515884,41.7750037,28.58780842,79.82499977,95331.46915,0.200256898
13_28,13,28,0.089681178,8.30952381,1.223552614,26.0449881,26.2032967,82.85563543,56546.03403,0.1186859
13_31,13,31,0.101865775,8.567567568,1.024328753,30.18023471,28.16839917,62.06214589,52760.82371,0.110725093
13_33,13,33,0.036293396,8.129032258,0.95800889,7.926075504,24.82878412,55.140177,10851.30107,0.022583718
13_122,13,122,0.052836138,8.857142857,0.950141187,13.54040302,30.37362637,54.31900523,22339.83932,0.046745662
13_134,13,134,0.02844248,8.4,0.895304022,5.261606995,26.89230769,48.59551406,6876.107511,0.01422335
13_135,13,135,0.095300212,9,0.929307542,27.95199334,31.46153846,52.14454596,45856.57666,0.096204531
13_136,13,136,0.084376149,9.5,1.048192828,24.24455073,35.26923077,64.55289875,55198.32224,0.115851481
13_141,13,141,0.076862368,9,0.736733119,21.69450032,31.46153846,32.04507481,21872.12087,0.045761987
13_142,13,142,0.096373585,9,0.969454065,28.31627793,31.46153846,56.33473837,50187.13496,0.105312278
13_143,13,143,0.049653453,8.1,0.962306659,12.46025338,24.60769231,55.58874583,17044.51458,0.035608881
13_144,13,144,0.149392228,12,1.022678414,46.3099112,54.30769231,61.88989595,155652.1234,0.327119364
13_145,13,145,0.033545583,9,0.998685159,6.993514181,31.46153846,59.38566026,13066.43177,0.027242436
13_151,13,151,0.04438097,8.545454545,0.925008427,10.67086168,28,51.69583663,15445.89542,0.032246769
13_152,13,152,0.052514891,10.25,0.850050002,13.43137724,40.98076923,43.8722395,24148.51656,0.050549554
13_155,13,155,0.052693975,10,0.768220189,13.49215524,39.07692308,35.33145859,18627.87248,0.038938896
13_156,13,156,0.017688917,9,0.98109661,1.612029022,31.46153846,57.54989974,2918.753262,0.005900501
13_157,13,157,0.150500838,8.909090909,0.953594235,46.68615444,30.76923077,54.6794085,78546.80954,0.164956496
13_161,13,161,0.070623566,18,0.814612616,19.57715588,100,40.17355147,78648.38792,0.165170129
13_162,13,162,0.07559049,8.083333333,0.917384806,21.26284623,24.48076923,50.90014038,26495.09241,0.05548472
13_171,13,171,0.179145684,8.777777778,0.926025898,56.40773215,29.76923077,51.80203263,86986.73964,0.182706807
13_173,13,173,0.102369252,8.8,0.91796764,30.35110635,29.93846154,50.96097221,46306.47372,0.097150725
13_181,13,181,0.039549756,7.5,0.79494788,9.031229115,20.03846154,38.12109411,6898.848251,0.014271177
13_184,13,184,0.034153269,5,0.919813094,7.199752399,1,51.15358688,368.2931598,0.000536539
13_192,13,192,0.052849774,10,0.711366192,13.54503082,39.07692308,29.39746558,15560.02349,0.032486796
13_201,13,201,0.05516085,8.571428571,0.928866815,14.32937111,28.1978022,52.09854624,21050.77043,0.044034577
13_202,13,202,0.067310013,7.25,0.849562326,18.45259209,18.13461538,43.82133954,14663.96379,0.030602261
13_203,13,203,0.04170564,7.25,0.732032696,9.762899699,18.13461538,31.55448,5586.608069,0.011511359
13_204,13,204,0.061336497,7.25,0.781946067,16.42528153,18.13461538,36.76406263,10950.77028,0.022792915
13_205,13,205,0.038906911,6,0.901477147,8.813058457,8.615384615,49.23981844,3738.675432,0.007624908
13_211,13,211,0.04134804,8,0.714604924,9.641536497,23.84615385,29.73550009,6836.594763,0.014140249
13_212,13,212,0.145328582,8.4,1.021883484,44.93077821,26.89230769,61.80692709,74680.83485,0.156825831
13_213,13,213,0.039633683,5.5,0.941587822,9.059712485,4.807692308,53.42626936,2327.051152,0.004656071
13_214,13,214,0.026369385,8.25,0.961889279,4.558033494,25.75,55.54518289,6519.302703,0.013472941
13_221,13,221,0.048404384,9.4,0.892584781,12.03634032,34.50769231,48.31170019,20066.08729,0.041963655
13_222,13,222,0.103019936,10,0.969968063,30.5719375,39.07692308,56.38838558,67364.79366,0.14143921
13_231,13,231,0.038651846,8.25,0.972302429,8.726493779,25.75,56.63202918,12725.62555,0.026525675
13_232,13,232,0.045703679,9.333333333,0.581045587,11.11976674,34,15.79558025,5971.867706,0.012321612
13_241,13,241,0.039608806,7.5,0.765936037,9.051269863,20.03846154,35.09305592,6364.951187,0.013148319
13_242,13,242,0.03960462,7.5,0.567624201,9.049848889,20.03846154,14.39475682,2610.417879,0.00525203
14_5,14,5,0.033160702,8.666666667,0.933047656,6.862892065,28.92307692,52.53491095,10427.96732,0.02169339
14_9,14,9,0.029713785,7.8125,1.095499272,5.693066604,22.41826923,69.49038992,8868.968119,0.018414605
14_10,14,10,0.029576777,8.090909091,1.083445248,5.646568327,24.53846154,68.23228143,9454.135254,0.01964529
14_11,14,11,0.035284313,7.153846154,1.185948481,7.583609842,17.40236686,78.93079865,10416.7154,0.021669726
14_13,14,13,0.045264703,8.103448276,1.211781339,10.97078581,24.63395225,81.62703825,22060.01839,0.046157161
14_14,14,14,0.285092296,8.85,1.364271408,92.36422494,30.31923077,97.54280564,273160.0679,0.574254409
14_15,14,15,0.018898652,8.172413793,1.100540891,2.022592854,25.15915119,70.01659613,3562.914882,0.007255259
14_16,14,16,0.055203968,8.2,1.222719195,14.34400444,25.36923077,82.76864942,30119.21014,0.063106728
14_18,14,18,0.034353139,7.56,1.222281509,7.267584884,20.49538462,82.72296701,12321.74703,0.025676264
14_20,14,20,0.029158291,8.833333333,1.246737867,5.504541084,30.19230769,85.27553787,14172.3508,0.029568333
14_22,14,22,0.031303655,7.892857143,1.185282757,6.232641603,23.03021978,78.86131536,11319.6827,0.023568788
14_24,14,24,0.11073557,9.021276596,1.347005952,33.19049332,31.62356792,95.74076716,100489.6834,0.211105318
14_28,14,28,0.100594382,8.405405405,1.376042682,29.74874524,26.93347193,98.77140282,79139.30198,0.166202588
14_31,14,31,0.04909093,9.03125,1.176818821,12.26934278,31.69951923,77.97791328,30328.12662,0.063546107
14_33,14,33,0.038943283,8.538461538,1.110498958,8.825402373,27.94674556,71.05594438,17525.32869,0.036620098
14_122,14,122,0.065774666,8.333333333,1.102631255,17.93152124,26.38461538,70.23477262,33229.21513,0.069647487
14_134,14,134,0.078303274,8.5,1.04779409,22.18351943,27.65384615,64.51128144,39575.06706,0.082993669
14_135,14,135,0.021167104,9,1.08179761,2.792467305,31.46153846,68.06031335,5979.46044,0.01233758
14_136,14,136,0.033593149,10.33333333,1.200682896,7.009657269,41.61538462,80.46866614,23473.48107,0.049129864
14_141,14,141,0.070613455,10,0.889223187,19.57372438,39.07692308,47.9608422,36684.33319,0.076914066
14_142,14,142,0.017482179,9.5,1.121944133,1.541865938,35.26923077,72.25050576,3929.013252,0.008025214
14_143,14,143,0.020309148,8,1.114796727,2.501291335,23.84615385,71.50451322,4264.970923,0.008731778
14_145,14,145,0.024124321,10,1.151175227,3.796096759,39.07692308,75.30142764,11170.19729,0.0232544
14_151,14,151,0.042848135,9.6,1.077498495,10.15064336,36.03076923,67.61160402,24727.96301,0.051768208
14_152,14,152,0.041092258,10.33333333,1.00254007,9.554728443,41.61538462,59.78800689,23773.12846,0.049760063
14_155,14,155,0.070627726,10,0.920710257,19.57856786,39.07692308,51.24722597,39207.72492,0.082221099
14_156,14,156,0.041845286,10,1.133586678,9.810293315,39.07692308,73.46566713,28163.50996,0.058993627
14_157,14,157,0.139551967,10.27272727,1.106084303,42.97029257,41.15384615,70.59517589,124840.0014,0.262317318
14_161,14,161,0.301061565,14.5,0.967102684,97.78392522,73.34615385,56.08931886,402276.7916,0.845804282
14_162,14,162,0.148513042,8.9,1.069874874,46.01153004,30.7,66.81590777,94381.07592,0.198258093
14_171,14,171,0.111227343,10.72727273,1.078515966,33.35739288,44.61538462,67.71780002,100781.2131,0.211718444
14_173,14,173,0.03814379,10.66666667,1.070457708,8.554067991,44.15384615,66.8767396,25259.0103,0.052885072
14_184,14,184,0.077749131,12.66666667,1.072303162,21.99545242,59.38461538,67.06935426,87605.41923,0.184007973
14_191,14,191,0.067794005,13.5,1.077352391,18.61685085,65.73076923,67.59635481,82717.65444,0.173728345
14_192,14,192,0.067719092,13.5,0.86385626,18.59142637,65.73076923,45.31323297,55374.07373,0.11622111
14_201,14,201,0.125298704,11.25,1.081356883,38.13297553,48.59615385,68.01431363,126038.4091,0.264837731
14_202,14,202,0.032898886,10.33333333,1.002052394,6.774035977,41.61538462,59.73710693,16840.13612,0.035179045
14_203,14,203,0.063220885,10.33333333,0.884522764,17.06481091,41.61538462,47.47024739,33711.40772,0.070661603
14_204,14,204,0.122401123,10.2,0.934436135,37.14958526,40.6,52.67983002,79455.57377,0.16686775
14_205,14,205,0.055004689,10,1.053967215,14.27637262,39.07692308,65.15558583,36348.78418,0.076208361
14_211,14,211,0.122017399,11,0.867094992,37.0193559,46.69230769,45.65126748,78909.09035,0.165718422
14_212,14,212,0.11397283,11.33333333,1.174373552,34.28916483,49.23076923,77.72269448,131202.2785,0.275698045
14_214,14,214,0.156201676,13,1.114379348,48.62092293,61.92307692,71.46095028,215151.567,0.452254713
14_221,14,221,0.075682086,13.25,1.04507485,21.29393226,63.82692308,64.22746758,87293.23243,0.183351403
14_222,14,222,0.291652332,14,1.122458131,94.59059043,69.53846154,72.30415297,475593.8799,1
14_231,14,231,0.077745484,13,1.124792497,21.99421472,61.92307692,72.54779657,98806.43165,0.207565212
14_232,14,232,0.099101934,13,0.733535656,29.2422338,61.92307692,31.71134763,57421.92819,0.120528024
14_241,14,241,0.069567176,14,0.918426105,19.21863512,69.53846154,51.00882331,68169.94207,0.143132545
14_242,14,242,0.069574377,14,0.720114269,19.2210788,69.53846154,30.3105242,40513.17545,0.084966638
15_5,15,5,0.03414039,9.5625,0.669317139,7.195381438,35.74519231,25.00870144,6432.245343,0.013289848
15_9,15,9,0.044268909,9.111111111,0.831768755,10.63282999,32.30769231,41.96418041,14415.62757,0.030079977
15_10,15,10,0.063272293,9.333333333,0.819714731,17.08225802,34,40.70607192,23641.95521,0.049484188
15_11,15,11,0.064339632,8.285714286,0.922217964,17.44449472,26.02197802,51.40458915,23334.61246,0.048837804
15_13,15,13,0.029756966,8.214285714,0.948050822,5.70772148,25.47802198,54.10082874,7867.421141,0.016308216
15_14,15,14,0.02827953,8.333333333,1.100540891,5.206304422,26.38461538,70.01659613,9617.923532,0.019989759
15_15,15,15,0.274299316,9.028571429,0.836810374,88.70126953,31.67912088,42.49038662,119397.0618,0.250870083
15_16,15,16,0.084018434,9.454545455,0.958988678,24.12314813,34.92307692,55.24243991,46539.24528,0.097640275
15_18,15,18,0.050122378,8.238095238,0.958550992,12.61939868,25.65934066,55.1967575,17873.01088,0.03735132
15_20,15,20,0.0327626,8.794117647,0.98300735,6.727782811,29.89366516,57.74932836,11614.43442,0.02418869
15_22,15,22,0.020922977,8.111111111,0.92155224,2.709614516,24.69230769,51.33510585,3434.659208,0.00698552
15_24,15,24,0.030885492,8.535714286,1.083275435,6.09072395,27.92582418,68.21455765,11602.51084,0.024163613
15_28,15,28,0.026923861,7.952380952,1.112312165,4.746213424,23.48351648,71.24519331,7940.831165,0.016462607
15_31,15,31,0.023039805,8.95,0.913088304,3.428030341,31.08076923,50.45170377,5375.418145,0.011067198
15_33,15,33,0.060079204,9.303030303,0.846768441,15.99857737,33.76923077,43.52973488,23517.35938,0.049222146
15_122,15,122,0.069275982,9.3,0.838900738,19.1198086,33.74615385,42.70856311,27556.4192,0.057716833
15_134,15,134,0.081689168,8.846153846,0.784063573,23.33263453,30.28994083,36.98507194,26138.98209,0.054735772
15_135,15,135,0.086129077,12,0.818067093,24.83946491,54.30769231,40.53410384,54679.45289,0.114760228
15_136,15,136,0.087140592,12,0.936952379,25.18275611,54.30769231,52.94245663,72405.02332,0.152039492
15_141,15,141,0.05613681,10,0.62549267,14.66059544,39.07692308,20.43463269,11706.81634,0.024382982
15_142,15,142,0.050811912,10,0.858213616,12.85341492,39.07692308,44.72429625,22463.75752,0.047006279
15_143,15,143,0.074801046,9.153846154,0.85106621,20.99492214,32.63313609,43.97830371,30130.86188,0.063131233
15_145,15,145,0.103787757,10,0.88744471,30.83252306,39.07692308,47.77521814,57561.50013,0.120821562
15_151,15,151,0.053784603,8.571428571,0.813767978,13.86229589,28.1978022,40.08539451,15668.83064,0.032715632
15_152,15,152,0.085617901,10,0.738809553,24.66598046,39.07692308,32.26179738,31096.19867,0.065161466
15_155,15,155,0.086485294,12,0.65697974,24.96035903,54.30769231,23.72101646,32154.77475,0.067387794
15_156,15,156,0.094956418,10,0.869856161,27.83531548,39.07692308,45.93945762,49969.1971,0.104853926
15_157,15,157,0.084588762,9.125,0.842353786,24.31670784,32.41346154,43.06896638,33946.47151,0.071155974
15_162,15,162,0.053929024,8.666666667,0.806144357,13.91130998,28.92307692,39.28969826,15808.52003,0.033009418
15_171,15,171,0.027036686,9.166666667,0.814785449,4.784504382,32.73076923,40.19159051,6294.023525,0.012999149
15_173,15,173,0.049690693,8,0.806727191,12.47289195,23.84615385,39.35053009,11704.04785,0.024377159
15_181,15,181,0.055054893,10,0.683707431,14.29341106,39.07692308,26.51065199,14807.32648,0.030903773
15_182,15,182,0.08057415,13,0.743150008,22.95421648,61.92307692,32.7148215,46500.70702,0.097559224
15_183,15,183,0.086773436,12,0.733243062,25.05814934,54.30769231,31.68080897,43112.83725,0.090434077
15_184,15,184,0.051645375,11,0.808572645,13.13627804,46.69230769,39.54314475,24254.30728,0.050772046
15_191,15,191,0.079986211,13,0.813621874,22.75467971,61.92307692,40.0701453,56460.42881,0.118505861
15_192,15,192,0.066227887,10,0.600125743,18.0853367,39.07692308,17.78702346,12570.43297,0.026199284
15_201,15,201,0.054467313,8.25,0.817626366,14.09399621,25.75,40.48810412,14693.95904,0.030665346
15_202,15,202,0.051676888,7.666666667,0.738321877,13.14697307,21.30769231,32.21089742,9023.292062,0.018739169
15_203,15,203,0.044771034,6,0.620792247,10.80324263,8.615384615,19.94403788,1856.273183,0.003665962
15_204,15,204,0.05079828,7.666666667,0.670705618,12.84878848,21.30769231,25.15362051,6886.508704,0.014245225
15_205,15,205,0.044674206,6,0.790236698,10.77038117,8.615384615,37.62937632,3491.666563,0.007105415
15_211,15,211,0.0323204,5,0.603364475,6.577707504,1,18.12505797,119.2213298,1.27E-05
15_212,15,212,0.055218916,8.25,0.910643035,14.34907783,25.75,50.19648497,18547.03669,0.038768887
15_213,15,213,0.031990075,5,0.830347373,6.465600854,1,41.81582723,270.3644483,0.000330582
15_214,15,214,0.057320255,8.25,0.850648831,15.06223678,25.75,43.93474077,17040.20331,0.035599813
15_221,15,221,0.080068554,9.5,0.781344333,22.78262548,35.26923077,36.70125807,29490.40319,0.061784262
15_222,15,222,0.058763444,9.75,0.858727614,15.55203069,37.17307692,44.77794346,25886.88287,0.054205573
15_231,15,231,0.051038731,8.8,0.86106198,12.93039334,29.93846154,45.02158706,17428.58046,0.036416623
15_232,15,232,0.058850058,10.4,0.469805139,15.58142618,42.12307692,4.185138124,2746.863569,0.005538994
15_241,15,241,0.057403957,8.25,0.654695588,15.09064384,25.75,23.4826138,9124.969854,0.018953011
15_242,15,242,0.046249108,7.5,0.456383752,11.30487626,20.03846154,2.784314695,630.7372904,0.001088495
16_5,16,5,0.034416159,9,0.791495443,7.288973047,31.46153846,37.76075473,8659.383345,0.01797382
16_9,16,9,0.075272527,9.05,0.95394706,21.15493484,31.84230769,54.71623369,36858.05573,0.077279428
16_10,16,10,0.079400752,9.25,0.941893036,22.55598481,33.36538462,53.45812521,40232.00279,0.084375294
16_11,16,11,0.077170889,8.5,1.044396269,21.79920704,27.65384615,64.15664243,38675.67179,0.08110212
16_13,16,13,0.056782007,8.363636364,1.070229127,14.8795643,26.61538462,66.85288203,26475.43445,0.055443376
16_14,16,14,0.064378816,8.153846154,1.222719195,17.45779322,25.01775148,82.76864942,36149.59932,0.075789449
16_15,16,15,0.034795568,8.68,0.958988678,7.417738,29.02461538,55.24243991,11893.53117,0.024775668
16_16,16,16,0.112862602,9.285714286,1.081166982,33.91237218,33.63736264,67.99449319,77562.866,0.16288713
16_18,16,18,0.104494009,8.380952381,1.080729296,31.07221301,26.74725275,67.94881079,56472.00761,0.118530213
16_20,16,20,0.058307803,8.409090909,1.105185654,15.39739374,26.96153846,70.50138165,29267.76194,0.061316017
16_22,16,22,0.062219906,8,1.043730545,16.72509572,23.84615385,64.08715913,25559.83077,0.053517738
16_24,16,24,0.035328345,7.944444444,1.20545374,7.598553378,23.42307692,80.96661094,14410.55889,0.030069317
16_28,16,28,0.033363529,8.0625,1.23449047,6.931727929,24.32211538,83.9972466,14161.45586,0.02954542
16_31,16,31,0.053801336,7.727272727,1.035266608,13.86797487,21.76923077,63.20375706,19080.90742,0.039891689
16_33,16,33,0.105619814,8.769230769,0.968946746,31.4542921,29.70414201,56.28178816,52585.35562,0.11035606
16_122,16,122,0.089904457,9.714285714,0.961079042,26.12076507,36.9010989,55.4606164,53457.65265,0.112190618
16_134,16,134,0.071863814,8.8,0.906241877,19.99807542,29.93846154,49.73712522,29778.19441,0.062389526
16_143,16,143,0.111518693,8.25,0.973244515,33.45627214,25.75,56.730357,48873.14626,0.102548783
16_151,16,151,0.044072936,7.5,0.935946282,10.56632013,20.03846154,52.8374478,11187.42074,0.023290623
16_152,16,152,0.099660916,10,0.860987857,29.43194275,39.07692308,45.01385067,51770.86912,0.108643085
16_155,16,155,0.079107421,13,0.779158044,22.45643331,61.92307692,36.47306975,50718.4094,0.10642962
16_157,16,157,0.043564347,8,0.964532091,10.39371365,23.84615385,55.82101967,13835.24501,0.028859354
16_162,16,162,0.049800234,8.25,0.928322662,12.51006855,25.75,52.04175155,16764.43139,0.035019828
16_171,16,171,0.035011917,5,0.936963754,7.491163146,1,52.9436438,396.6094733,0.000596092
16_173,16,173,0.036626561,5,0.928905495,8.03914616,1,52.10258338,418.8602831,0.000642889
16_181,16,181,0.045996205,9.333333333,0.805885735,11.21904514,34,39.26270527,14976.66214,0.031259908
16_182,16,182,0.078994714,13,0.865328313,22.41818244,61.92307692,45.46687479,63117.24451,0.132506041
16_184,16,184,0.044107016,9,0.93075095,10.57788627,31.46153846,52.29519804,17403.66283,0.036364218
16_191,16,191,0.079174172,13,0.935800179,22.4790876,61.92307692,52.82219859,73527.14136,0.154399458
16_192,16,192,0.049487583,10,0.722304047,12.40395981,39.07692308,30.53907675,14802.55263,0.030893733
16_201,16,201,0.041487423,7.5,0.939804671,9.688840478,20.03846154,53.24015741,10336.54767,0.021501122
16_202,16,202,0.036985763,5,0.860500181,8.161053022,1,44.96295071,366.9450248,0.000533704
16_203,16,203,0.036547187,5,0.742970551,8.012207897,1,32.69609117,261.9678798,0.000312923
16_204,16,204,0.036636799,5,0.792883923,8.042620721,1,37.9056738,304.8609575,0.000403133
16_205,16,205,0.036860227,5,0.912415002,8.118448341,1,50.38142961,409.0190336,0.000622191
16_211,16,211,0.036925282,5,0.725542779,8.140527063,1,30.87711126,251.3559598,0.000290605
16_212,16,212,0.04155977,7.5,1.032821339,9.713394054,20.03846154,62.94853826,12252.39622,0.02553041
16_213,16,213,0.036553694,5,0.952525678,8.014416385,1,54.56788052,437.3297157,0.000681733
16_214,16,214,0.041561335,7.5,0.972827135,9.713925073,20.03846154,56.68679406,11034.2043,0.022968388
16_221,16,221,0.049264069,9.75,0.903522637,12.32810322,37.17307692,49.45331136,22663.14354,0.047425615
16_222,16,222,0.058699274,10.5,0.980905918,15.53025237,42.88461538,57.52999675,38315.48982,0.080344609
16_231,16,231,0.045487235,8.666666667,0.983240284,11.04630943,28.92307692,57.77364035,18458.28855,0.038582238
16_232,16,232,0.06965176,11.33333333,0.591983443,19.24734153,49.23076923,16.93719141,16049.0293,0.033515241
16_241,16,241,0.041502418,7.5,0.776873892,9.693929584,20.03846154,36.23466709,7038.636084,0.01456517
16_242,16,242,0.041600125,7.5,0.578562057,9.727089752,20.03846154,15.53636798,3028.285364,0.006130861
18_5,18,5,0.06001466,8.785714286,0.791057757,15.97667212,29.82967033,37.71507232,17974.20626,0.037564148
18_9,18,9,0.066362569,8.476190476,0.953509374,18.13104543,27.47252747,54.67055129,27231.71014,0.057033926
18_10,18,10,0.068654866,8.25,0.941455349,18.90901245,25.75,53.41244281,26006.89606,0.054457977
18_11,18,11,0.071100801,7.9,1.043958583,19.73912166,23.08461538,64.11096003,29213.44318,0.061201778
18_13,18,13,0.042883363,7.823529412,1.069791441,10.16259899,22.50226244,66.80719962,15277.56859,0.031892755
18_14,18,14,0.068933856,7.869565217,1.222281509,19.00369698,22.85284281,82.72296701,35925.63325,0.075318418
18_15,18,15,0.03745421,8.5625,0.958550992,8.320036132,28.12980769,55.1967575,12918.30523,0.026930906
18_16,18,16,0.092381682,8.5,1.080729296,26.96149339,27.65384615,67.94881079,50661.88524,0.106310742
18_18,18,18,0.146993266,8.25,1.08029161,45.49574389,25.75,67.90312839,79549.56097,0.167065418
18_20,18,20,0.094605728,8.512195122,1.104747968,27.7162972,27.7467167,70.45569925,54182.98649,0.113716093
18_22,18,22,0.051668463,8.047619048,1.043292858,13.14411381,24.20879121,64.04147673,20378.19686,0.042620064
18_24,18,24,0.04430915,8.352941176,1.205016053,10.6464872,26.53393665,80.92092854,22859.61342,0.047838817
18_28,18,28,0.059222554,7.814814815,1.234052783,15.70784496,22.43589744,83.95156419,29586.17655,0.061985686
18_31,18,31,0.056746979,8.416666667,1.034828922,14.86767633,27.01923077,63.15807466,25371.43087,0.053121508
18_33,18,33,0.090814463,8.742857143,0.968509059,26.42960587,29.5032967,56.23610576,43850.69416,0.091985889
18_122,18,122,0.071068893,9,0.960641356,19.72829257,31.46153846,55.41493399,34395.07619,0.07209945
18_134,18,134,0.061590809,8.611111111,0.905804191,16.51159057,28.5,49.69144282,23383.81562,0.048941285
18_135,18,135,0.016355671,7,0.939807711,1.159548044,16.23076923,53.24047473,1002.004726,0.00186932
18_136,18,136,0.071379482,6.75,1.058692997,19.83370122,14.32692308,65.64882752,18654.50244,0.038994902
18_141,18,141,0.087501576,7.333333333,0.747233288,25.30526797,18.76923077,33.14100357,15740.66478,0.032866709
18_143,18,143,0.083460541,8.9375,0.972806828,23.93380864,30.98557692,56.68467459,42037.51729,0.088172534
18_144,18,144,0.085664493,8,1.033178583,24.68179274,23.84615385,62.98582472,37071.30401,0.077727918
18_145,18,145,0.03749645,7.25,1.009185328,8.334371785,18.13461538,60.48158902,9141.225274,0.018987198
18_146,18,146,0.094046302,7,0.971958552,27.52643747,16.23076923,56.5961379,25285.7539,0.052941318
18_151,18,151,0.065479373,7.375,0.935508596,17.83130376,19.08653846,52.79176539,17967.03673,0.037549069
18_152,18,152,0.08536694,6.666666667,0.860550171,24.5808085,13.69230769,44.96816827,15134.84615,0.031592591
18_155,18,155,0.072898456,12.66666667,0.778720358,20.34921545,59.38461538,36.42738735,44019.95981,0.092341878
18_156,18,156,0.071121125,8.5,0.99159678,19.7460193,27.65384615,58.64582851,32023.75288,0.067112238
18_157,18,157,0.05230207,7.777777778,0.964094404,13.35914928,22.15384615,55.77533727,16507.07572,0.034478574
18_162,18,162,0.054781652,8,0.927884975,14.20067754,23.84615385,51.99606915,17607.50904,0.036792934
18_171,18,171,0.052236252,7.4,0.936526067,13.33681178,19.27692308,52.8979614,13599.67945,0.028363928
18_173,18,173,0.042880426,7,0.928467809,10.16160226,16.23076923,52.05690097,8585.777018,0.017819015
18_181,18,181,0.046940797,9.333333333,0.805448049,11.53962358,34,39.21702287,15386.68919,0.03212225
18_182,18,182,0.076823751,13,0.864890626,21.68139423,61.92307692,45.42119239,60981.52282,0.128014331
18_184,18,184,0.048666785,11,0.930313264,12.1253948,46.69230769,52.24951564,29581.72502,0.061976324
18_191,18,191,0.076493194,13,0.935362492,21.56920866,61.92307692,52.77651619,70489.99157,0.148011922
18_192,18,192,0.058855566,10,0.721866361,15.58329549,39.07692308,30.49339434,18568.86829,0.038814802
18_201,18,201,0.048187664,8.4,0.939366985,11.96278922,26.89230769,53.19447501,17113.03543,0.035752989
18_202,18,202,0.0436558,8.333333333,0.860062495,10.42475112,26.38461538,44.9172683,12354.63159,0.025745425
18_203,18,203,0.039466755,7,0.742532865,9.00306002,16.23076923,32.65040876,4771.09288,0.009796221
18_204,18,204,0.043446821,8.333333333,0.792446237,10.35382738,26.38461538,37.85999139,10342.65883,0.021513975
18_205,18,205,0.03941017,7,0.911977316,8.983856111,16.23076923,50.33574721,7339.701711,0.015198351
18_211,18,211,0.035909099,5,0.725105093,7.795651563,1,30.83142886,240.3510766,0.00026746
18_212,18,212,0.047887741,9.8,1.032383653,11.86100068,37.55384615,62.90285586,28018.57972,0.058688819
18_213,18,213,0.039287715,7,0.952087992,8.942296901,16.23076923,54.52219812,7913.371321,0.016404856
18_214,18,214,0.046182848,8.75,0.972389449,11.28238872,29.55769231,56.64111165,18888.75576,0.039487568
18_221,18,221,0.05443523,10.42857143,0.903084951,14.08310785,42.34065934,49.40762896,29461.17981,0.061722801
18_222,18,222,0.060588649,11,0.980468232,16.17147439,46.69230769,57.48431434,43405.45485,0.091049491
18_231,18,231,0.04838028,9.2,0.982802598,12.02815996,32.98461538,57.72795795,22903.23423,0.047930558
18_232,18,232,0.07886708,10.8,0.591545757,22.37486559,45.16923077,16.89150901,17071.49593,0.035665626
18_241,18,241,0.046351274,8.75,0.776436206,11.33954953,29.55769231,36.18898469,12129.49514,0.025271932
18_242,18,242,0.042287045,7.5,0.578124371,9.960218935,20.03846154,15.49068558,3091.746652,0.006264329
20_5,20,5,0.065975131,9.4,0.815514115,17.99955554,34.50769231,40.26764318,25011.16433,0.052363819
20_9,20,9,0.066425217,8,0.977965732,18.15230732,23.84615385,57.22312215,24769.75589,0.051856104
20_10,20,10,0.074386299,6,0.965911707,20.85416404,8.615384615,55.96501367,10055.04619,0.020909087
20_11,20,11,0.087154531,7,1.068414941,25.1874866,16.23076923,66.66353089,27252.87023,0.057078428
20_13,20,13,0.043208265,7.727272727,1.094247799,10.27286543,21.76923077,69.35977048,15511.09042,0.032383883
20_14,20,14,0.035233638,8.4375,1.246737867,7.566411412,27.17788462,85.27553787,17535.98113,0.036642501
20_15,20,15,0.048052283,8.411764706,0.98300735,11.91684338,26.98190045,57.74932836,18568.66601,0.038814377
20_16,20,16,0.084777699,7.666666667,1.105185654,24.38082994,21.30769231,70.50138165,36625.41296,0.076790149
20_18,20,18,0.072477243,7.692307692,1.104747968,20.20626277,21.50295858,70.45569925,30612.60899,0.064144412
20_20,20,20,0.18841427,8.806451613,1.129204326,59.55333361,29.98759305,73.00827011,130382.632,0.273974217
20_22,20,22,0.035555361,7.769230769,1.067749216,7.675598804,22.0887574,66.59404759,11290.6505,0.023507729
20_24,20,24,0.03978091,9.038461538,1.229472411,9.109678837,31.75443787,83.4734994,24146.60711,0.050545538
20_28,20,28,0.033545826,7.533333333,1.258509141,6.993596552,20.29230769,86.50413505,12276.33926,0.025580765
20_31,20,31,0.037065791,9.32,1.05928528,8.18821327,33.89846154,65.71064551,18239.16145,0.038121384
20_33,20,33,0.052537461,8.695652174,0.992965417,13.43903704,29.14381271,58.78867662,23025.45401,0.048187602
20_122,20,122,0.073479437,8.125,0.985097714,20.54639041,24.79807692,57.96750485,29535.07962,0.061878222
20_134,20,134,0.063064008,7.9,0.930260549,17.01156953,23.08461538,52.24401368,20516.51359,0.042910963
20_136,20,136,0.131266881,6,1.083149355,40.15847393,8.615384615,68.20139838,23596.36745,0.04938831
20_141,20,141,0.07278218,7.5,0.771689646,20.30975326,20.03846154,35.69357443,14526.43563,0.030313021
20_142,20,142,0.091400778,10,1.004410592,26.62859124,39.07692308,59.98323799,62416.36277,0.131031993
20_143,20,143,0.050709726,8.363636364,0.997263186,12.8187348,26.61538462,59.23724545,20210.30021,0.042266955
20_144,20,144,0.060144756,6,1.057634941,16.02082478,8.615384615,65.53839558,9045.97423,0.018786872
20_145,20,145,0.060280775,8.857142857,1.033641686,16.06698722,30.37362637,63.03415988,30761.46846,0.064457483
20_146,20,146,0.069379719,7,0.99641491,19.15501518,16.23076923,59.14870876,18389.37087,0.038437295
20_151,20,151,0.084642963,8.642857143,0.959964954,24.33510282,28.74175824,55.34433625,38709.69067,0.081173666
20_152,20,152,0.09362808,8.6,0.885006529,27.38450006,28.41538462,47.52073913,36977.8403,0.077531351
20_155,20,155,0.083506219,12.5,0.803176716,23.94931115,58.11538462,38.97995821,54253.21909,0.113863801
20_156,20,156,0.063665847,10.25,1.016053137,17.21582366,40.98076923,61.19839936,43176.55375,0.090568081
20_157,20,157,0.064042037,9.388888889,0.988550762,17.34349601,34.42307692,58.32790813,34822.72339,0.07299885
20_161,20,161,0.063718622,11,0.849569143,17.23373435,46.69230769,43.8220511,35262.85197,0.0739245
20_162,20,162,0.040925358,8.454545455,0.952341333,9.498085167,27.30769231,54.54864001,14148.3237,0.029517801
20_171,20,171,0.040332966,9.8125,0.960982425,9.297037493,37.64903846,55.45053226,19409.04606,0.040581809
20_173,20,173,0.046823473,9,0.952924167,11.49980611,31.46153846,54.60947183,19757.79386,0.041315273
20_181,20,181,0.03678713,5,0.829904407,8.09364048,1,41.76959373,338.0680747,0.000472972
20_184,20,184,0.054658876,11.33333333,0.954769622,14.15900968,49.23076923,54.8020865,38200.28421,0.080102316
20_191,20,191,0.06800707,13.5,0.95981885,18.68916133,65.73076923,55.32908705,67969.18023,0.142710316
20_192,20,192,0.067522037,13.5,0.746322719,18.52454927,65.73076923,33.0459652,40237.85355,0.084387599
20_201,20,201,0.056220732,9.777777778,0.963823343,14.68907704,37.38461538,55.74704586,30613.23913,0.064145737
20_202,20,202,0.05034817,8.833333333,0.884518853,12.69602849,30.19230769,47.46983916,18196.25262,0.038031141
20_203,20,203,0.045425462,8.25,0.766989223,11.02534469,25.75,35.20297962,9994.21835,0.020781157
20_204,20,204,0.050115306,9,0.816902595,12.61699843,31.46153846,40.41256225,16041.77392,0.033499982
20_205,20,205,0.047792277,8.2,0.936433674,11.82860183,25.36923077,52.88831807,15870.86027,0.033140527
20_211,20,211,0.036359151,5,0.749561451,7.948391695,1,33.38399972,265.3491061,0.000320034
20_212,20,212,0.052693353,9,1.056840011,13.49194419,31.46153846,65.45542671,27784.34417,0.05819619
20_213,20,213,0.042399005,6.666666667,0.97654435,9.998216183,13.69230769,57.07476898,7813.458956,0.016194727
20_214,20,214,0.056695117,9,0.996845807,14.85007541,31.46153846,59.19368251,27655.65657,0.057925542
20_221,20,221,0.057874547,9.5,0.927541309,15.250354,35.26923077,51.96019982,27947.74199,0.058539837
20_222,20,222,0.067752381,9,1.00492459,18.60272442,31.46153846,60.0368852,35137.80761,0.073661515
20_231,20,231,0.057650547,9.7,1.007258956,15.17433225,36.79230769,60.2805288,33654.54094,0.070542005
20_232,20,232,0.068832544,10.22222222,0.616002115,18.96931331,40.76923077,19.44407987,15037.35745,0.031387559
20_241,20,241,0.048682137,8.75,0.800892564,12.13060502,29.55769231,38.74155555,13890.88899,0.028976381
20_242,20,242,0.048226181,9.666666667,0.602580729,11.97586124,36.53846154,18.04325644,7895.359949,0.016366975
22_5,22,5,0.026809791,7.8,0.754059005,4.707499805,22.32307692,33.85342067,3557.516511,0.007243906
22_9,22,9,0.028437082,7.615384615,0.916510622,5.259775111,20.91715976,50.80889963,5589.972595,0.011518435
22_10,22,10,0.026882287,7.5,0.904456598,4.732103848,20.03846154,49.55079115,4698.608232,0.009643776
22_11,22,11,0.03118695,6.8,1.006959831,6.193033752,14.70769231,60.24930837,5487.822404,0.011303599
22_13,22,13,0.061233212,7.681818182,1.032792689,16.39022834,21.42307692,62.94554797,22102.01503,0.046245486
22_14,22,14,0.036305757,7.884615385,1.185282757,7.930270448,22.96745562,78.86131536,14363.65287,0.029970667
22_15,22,15,0.033843681,7.380952381,0.92155224,7.094683508,19.13186813,51.33510585,6967.947456,0.014416502
22_16,22,16,0.083028638,7.714285714,1.043730545,23.78722809,21.67032967,64.08715913,33035.46132,0.069239997
22_18,22,18,0.026366204,7.590909091,1.043292858,4.556953917,20.73076923,64.04147673,6049.944516,0.012485818
22_20,22,20,0.120094765,8,1.067749216,36.36684649,23.84615385,66.59404759,57750.98515,0.121220075
22_22,22,22,0.226248799,7.84,1.006294107,72.39373466,22.62769231,60.17982507,98580.7612,0.207090597
22_24,22,24,0.118049369,8.117647059,1.168017302,35.67267346,24.74208145,77.05927688,68013.76554,0.142804085
22_28,22,28,0.05162238,7.827586207,1.197054032,13.12847415,22.5331565,80.08991254,23692.67547,0.049590859
22_31,22,31,0.044816768,8.125,0.99783017,10.81876421,24.79807692,59.296423,15908.31399,0.033219298
22_33,22,33,0.042008078,7.666666667,0.931510308,9.865542171,21.30769231,52.3744541,11009.73545,0.022916927
22_122,22,122,0.085290157,9.4,0.923642604,24.55474972,34.50769231,51.55328234,43682.52663,0.09163221
22_134,22,134,0.060419882,8.5,0.868805439,16.11419777,27.65384615,45.82979116,20422.65073,0.042713556
22_136,22,136,0.120353273,11,1.021694246,36.45457969,46.69230769,61.78717586,105170.9457,0.220950643
22_141,22,141,0.065777016,10,0.710234536,17.93231868,39.07692308,29.27935192,20517.20831,0.042912424
22_143,22,143,0.05461879,8,0.935808077,14.1454049,23.84615385,52.82302294,17817.91882,0.037235454
22_144,22,144,0.140108657,12,0.996179832,43.1592236,54.30769231,59.12417306,138579.8388,0.291214048
22_145,22,145,0.069681279,10,0.972186576,19.25735979,39.07692308,56.61993736,42607.54282,0.089371374
22_151,22,151,0.065335919,8.714285714,0.898509844,17.78261775,29.28571429,48.93011374,25481.66134,0.053353337
22_152,22,152,0.108437682,10.66666667,0.823551419,32.41062891,44.15384615,41.10651661,58825.64184,0.123480223
22_155,22,155,0.070206243,10,0.741721607,19.43552376,39.07692308,32.56573569,24733.04015,0.051778886
22_156,22,156,0.069619163,10,0.954598028,19.23627848,39.07692308,54.78417685,41180.9685,0.086371096
22_157,22,157,0.053479742,9.285714286,0.927095653,13.75883143,33.63736264,51.91368561,24026.21449,0.050292337
22_162,22,162,0.055470554,8.125,0.890886224,14.43447922,24.79807692,48.13441749,17229.58603,0.035998111
22_171,22,171,0.048601396,8.333333333,0.899527316,12.10320313,26.38461538,49.03630974,15659.17471,0.032695324
22_173,22,173,0.0395952,9.5,0.891469058,9.046652095,35.26923077,48.19524932,15377.584,0.032103101
22_181,22,181,0.042378559,7.5,0.768449297,9.991277274,20.03846154,35.35537121,7078.492697,0.014648993
22_184,22,184,0.035220788,5,0.893314512,7.562050436,1,48.38786398,365.9114679,0.00053153
22_192,22,192,0.06367942,10,0.684867609,17.22042987,39.07692308,26.63174269,17921.06993,0.037452395
22_201,22,201,0.045936384,8.75,0.902368233,11.1987429,29.55769231,49.33282335,16329.60836,0.034105337
22_202,22,202,0.039304035,5.5,0.823063743,8.947835661,4.807692308,41.05561665,1766.148609,0.003476418
22_203,22,203,0.039359221,5.5,0.705534114,8.966564598,4.807692308,28.78875711,1241.039665,0.002372043
22_204,22,204,0.039267403,5.5,0.755447485,8.935403304,4.807692308,33.99833974,1460.523448,0.002833647
22_205,22,205,0.039081369,5.5,0.874978564,8.872266331,4.807692308,46.47409555,1982.358429,0.003931136
22_211,22,211,0.035095837,5,0.688106341,7.519644307,1,26.9697772,202.8031316,0.000188492
22_212,22,212,0.045730616,8.75,0.995384901,11.12890875,29.55769231,59.0412042,19421.30069,0.040607582
22_213,22,213,0.039439265,5.5,0.91508924,8.993730328,4.807692308,50.66054646,2190.515832,0.004368919
22_214,22,214,0.043802563,7,0.935390697,10.47456022,16.23076923,52.77946,8973.044952,0.018633492
22_221,22,221,0.045656982,8.75,0.866086199,11.10391873,29.55769231,45.5459773,14948.47273,0.031200622
22_222,22,222,0.058227526,10,0.94346948,15.37014932,39.07692308,53.62266269,32206.74407,0.067497093
22_231,22,231,0.043809316,7,0.945803847,10.47685189,16.23076923,53.86630629,9159.823464,0.019026313
22_232,22,232,0.053881819,8,0.554547005,13.89528954,23.84615385,13.02985735,4317.432967,0.008842113
22_241,22,241,0.042133059,7.5,0.739437454,9.907958572,20.03846154,32.32733303,6418.276678,0.01326047
22_242,22,242,0.042432906,7.5,0.541125619,10.00972151,20.03846154,11.62903392,2332.544874,0.004667625
24_5,24,5,0.028321999,8.375,0.915782201,5.220717792,26.70192308,50.73287247,7072.325015,0.014636022
24_9,24,9,0.040558432,7,1.078233817,9.373556734,16.23076923,67.68835144,10298.10824,0.021420279
24_10,24,10,0.05743731,6.8,1.066179793,15.10196319,14.70769231,66.43024296,14755.15527,0.030794049
24_11,24,11,0.065757112,6.875,1.168683026,17.92556356,15.27884615,77.12876018,21124.17354,0.044188953
24_13,24,13,0.051421395,7.470588235,1.194515884,13.06026311,19.81447964,79.82499977,20657.29843,0.043207052
24_14,24,14,0.031377716,8.24,1.347005952,6.257776476,25.67384615,95.74076716,15381.82563,0.032112022
24_15,24,15,0.032297821,8.181818182,1.083275435,6.57004484,25.23076923,68.21455765,11307.74203,0.023543675
24_16,24,16,0.083810149,7.166666667,1.20545374,24.05245986,17.5,80.96661094,34080.3078,0.07143745
24_18,24,18,0.041846493,7.555555556,1.205016053,9.81070283,20.46153846,80.92092854,16244.23497,0.033925785
24_20,24,20,0.094006719,8.743589744,1.229472411,27.51300376,29.50887574,83.4734994,67770.28182,0.142292006
24_22,24,22,0.04450733,7.7,1.168017302,10.71374594,21.56153846,77.05927688,17801.06633,0.037200011
24_24,24,24,0.178102186,8.820512821,1.329740497,56.0535865,30.09467456,93.93872868,158466.5982,0.333038584
24_28,24,28,0.064253742,7.666666667,1.358777227,17.41534527,21.30769231,96.96936434,35983.47109,0.075440059
24_31,24,31,0.117325931,9.142857143,1.159553365,35.42715067,32.54945055,76.1758748,87841.01322,0.184503459
24_33,24,33,0.052417644,8.68,1.093233503,13.39837334,29.02461538,69.25390591,26931.64127,0.056402841
24_122,24,122,0.06641146,9,1.085365799,18.14763838,31.46153846,68.43273414,39071.84905,0.081935334
24_134,24,134,0.052516165,8.375,1.030528635,13.43180973,26.70192308,62.70924297,22490.99296,0.047063559
24_135,24,135,0.099976934,9,1.064532155,29.53919389,31.46153846,66.25827487,61577.02735,0.129266757
24_136,24,136,0.093530046,10.33333333,1.183417441,27.35122898,41.61538462,78.66662767,89540.86616,0.188078479
24_141,24,141,0.059604305,10,0.871957731,15.83740468,39.07692308,46.15880372,28566.62402,0.05984143
24_142,24,142,0.047881304,9.666666667,1.104678678,11.85881613,36.53846154,70.44846728,30525.52496,0.063961262
24_143,24,143,0.052343258,9,1.097531272,13.37312796,31.46153846,69.70247474,29326.56204,0.061439682
24_144,24,144,0.125094154,12,1.157903027,38.06355456,54.30769231,76.00362487,157110.4226,0.330186364
24_145,24,145,0.046979927,10,1.133909772,11.55290386,39.07692308,73.49938917,33181.4415,0.069547013
24_151,24,151,0.054390723,9.235294118,1.06023304,14.06800292,33.25339367,65.80956554,30786.29646,0.0645097
24_152,24,152,0.086785216,10.28571429,0.985274614,25.06214735,41.25274725,57.98596841,59950.67395,0.125846317
24_155,24,155,0.078496457,12.5,0.903444802,22.24908236,58.11538462,49.4451875,63933.31861,0.134222355
24_156,24,156,0.047419169,10,1.116321223,11.70197528,39.07692308,71.66362865,32770.14258,0.068681996
24_157,24,157,0.049181754,9.684210526,1.088818848,12.30016667,36.67206478,68.79313741,31030.69308,0.065023699
24_161,24,161,0.09640608,11,0.949837229,28.32730627,46.69230769,54.28728038,71804.01061,0.150775481
24_162,24,162,0.073969913,8.571428571,1.052609419,20.71284984,28.1978022,65.01386929,37971.79523,0.079621772
24_171,24,171,0.041450801,9.933333333,1.061250511,9.67641176,38.56923077,65.91576155,24600.53726,0.051500215
24_173,24,173,0.143008152,8.6,1.053192253,44.14326346,28.41538462,65.07470112,81626.3088,0.171433098
24_181,24,181,0.035092432,5,0.930172493,7.518488699,1,52.23482302,392.7269266,0.000587927
24_184,24,184,0.058382558,11.33333333,1.055037707,15.42276443,49.23076923,65.26731579,49555.81226,0.103984522
24_191,24,191,0.063189292,13.5,1.060086936,17.05408875,65.73076923,65.79431633,73754.0056,0.154876584
24_192,24,192,0.063362752,13.5,0.846590804,17.11295822,65.73076923,43.51119449,48943.47608,0.102696696
24_201,24,201,0.032883476,9.5,1.064091428,6.768806084,35.26923077,66.21227515,15806.8951,0.033006
24_202,24,202,0.02938677,8.571428571,0.984786938,5.582083272,28.1978022,57.93506845,9119.12345,0.018940715
24_203,24,203,0.048263013,8,0.867257309,11.98836152,23.84615385,45.66820891,13055.45919,0.02721936
24_204,24,204,0.053651433,8.75,0.91717068,13.81710031,29.55769231,50.87779154,20778.57145,0.043462106
24_205,24,205,0.050312525,8,1.036701759,12.68393146,23.84615385,63.35354736,19162.10279,0.040062454
24_211,24,211,0.03505258,5,0.849829536,7.504963586,1,43.84922901,329.086867,0.000454083
24_212,24,212,0.033011987,8.75,1.157108097,6.81242048,29.55769231,75.920656,15287.3399,0.031913305
24_213,24,213,0.042477392,6.666666667,1.076812435,10.02481933,13.69230769,67.53999827,9270.736764,0.019259578
24_214,24,214,0.031739175,9,1.097113892,6.380449666,31.46153846,69.6589118,13983.24376,0.029170616
24_221,24,221,0.031979336,9.333333333,1.027809394,6.461956197,34,62.4254291,13715.27321,0.028607037
24_222,24,222,0.028152734,8.666666667,1.105192676,5.163272174,28.92307692,70.50211449,10528.62491,0.021905086
24_231,24,231,0.031839232,9.555555556,1.107527042,6.414407414,35.69230769,70.74575809,16196.88781,0.033826207
24_232,24,232,0.031196594,10.125,0.7162702,6.196306699,40.02884615,29.90930916,7418.436087,0.01536394
24_241,24,241,0.049266559,8.75,0.901160649,12.32894825,29.55769231,49.20678484,17931.70323,0.037474758
24_242,24,242,0.045324081,9.666666667,0.702848814,10.99093758,36.53846154,28.50848573,11448.77838,0.023840293
28_5,28,5,0.02213581,7.8,0.94481893,3.121229533,22.32307692,53.76350813,3745.996459,0.007640305
28_9,28,9,0.046226224,7.5,1.107270547,11.29710986,20.03846154,70.7189871,16009.13102,0.033431329
28_10,28,10,0.051978984,7.285714286,1.095216523,13.24949933,18.40659341,69.46087861,16939.99037,0.035389052
28_11,28,11,0.060446966,7.181818182,1.197719756,16.12338966,17.61538462,80.15939584,22766.84837,0.04764372
28_13,28,13,0.052010611,7.681818182,1.223552614,13.26023323,21.42307692,82.85563543,23537.21435,0.049263903
28_14,28,14,0.044249254,7.964285714,1.376042682,10.62615951,23.57417582,98.77140282,24742.52805,0.051798841
28_15,28,15,0.026302167,7.428571429,1.112312165,4.535221022,19.49450549,71.24519331,6298.922274,0.013009452
28_16,28,16,0.070485616,7.428571429,1.23449047,19.53033824,19.49450549,83.9972466,31980.63172,0.067021548
28_18,28,18,0.031818678,7.681818182,1.234052783,6.407431564,21.42307692,83.95156419,11523.77091,0.023998013
28_20,28,20,0.03898013,8.032258065,1.258509141,8.837907664,24.09181141,86.50413505,18418.56465,0.038498693
28_22,28,22,0.032345057,7.84,1.197054032,6.586075728,22.62769231,80.08991254,11935.61507,0.024864176
28_24,28,24,0.091299173,8.090909091,1.358777227,26.59410807,24.53846154,96.96936434,63280.12215,0.132848595
28_28,28,28,0.266922303,7.933333333,1.387813957,86.19763563,23.33846154,100,201172.0204,0.422853842
28_31,28,31,0.078260615,8.125,1.188590095,22.16904162,24.79807692,79.20651046,43543.74741,0.091340339
28_33,28,33,0.052400674,7.666666667,1.122270233,13.39261382,21.30769231,72.28454157,20627.5284,0.043144442
28_122,28,122,0.066294569,9.25,1.114402529,18.1079676,33.36538462,71.4633698,43176.68899,0.090568366
28_134,28,134,0.052931206,8.2,1.059565364,13.57266749,25.36923077,65.73987863,22636.08972,0.047368717
28_135,28,135,0.087660318,9,1.093568885,25.35914232,31.46153846,69.28891053,55281.30026,0.116025995
28_136,28,136,0.126430121,10.33333333,1.212454171,38.51695924,41.61538462,81.69726333,130952.386,0.275172487
28_142,28,142,0.088623993,9,1.133715408,25.68619724,31.46153846,73.47910294,59380.46776,0.124647096
28_143,28,143,0.045776357,7.666666667,1.126568002,11.14443241,21.30769231,72.7331104,17271.35981,0.036085967
28_144,28,144,0.063129253,12,1.186939757,17.03371264,54.30769231,79.03426052,73111.56146,0.153525437
28_151,28,151,0.10762433,8.714285714,1.089269769,32.13459095,29.28571429,68.8402012,64784.44282,0.136012384
28_152,28,152,0.063976994,10.25,1.014311344,17.32142158,40.98076923,61.01660407,43312.34234,0.090853663
28_156,28,156,0.085374498,9,1.145357953,24.58337346,31.46153846,74.69426431,57770.84085,0.121261834
28_157,28,157,0.103017848,9.285714286,1.117855578,30.57122897,33.63736264,71.82377307,73858.93667,0.155097268
28_162,28,162,0.070060742,8.125,1.081646149,19.38614299,24.79807692,68.04450495,32711.6517,0.068558982
28_171,28,171,0.057636103,8.666666667,1.090287241,15.16943021,28.92307692,68.9463972,30249.99714,0.06338179
28_173,28,173,0.184455824,8.666666667,1.082228983,58.20990389,28.92307692,68.10533678,114662.7939,0.240913279
28_181,28,181,0.03929644,7.5,0.959209222,8.945257952,20.03846154,55.26545868,9906.289665,0.020596232
28_184,28,184,0.032044419,5,1.084074437,6.484044351,1,68.29795145,442.8469463,0.000693336
28_192,28,192,0.054226256,10,0.875627534,14.01218549,39.07692308,46.54183015,25484.12313,0.053358515
28_201,28,201,0.045836223,9,1.093128158,11.16474994,31.46153846,69.24291081,24322.27937,0.050915001
28_202,28,202,0.039607742,6,1.013823668,9.050908557,8.615384615,60.96570411,4753.926266,0.009760117
28_203,28,203,0.040043893,6,0.896294039,9.198930986,8.615384615,48.69884457,3859.496827,0.007879011
28_204,28,204,0.062732543,6,0.94620741,16.89907583,8.615384615,53.9084272,7848.637777,0.016268712
28_205,28,205,0.040210075,6,1.065738489,9.255330129,8.615384615,66.38418301,5293.357174,0.010894613
28_211,28,211,0.031867091,5,0.878866266,6.42386215,1,46.87986466,301.1497882,0.000395328
28_212,28,212,0.046276409,9,1.186144826,11.31414163,31.46153846,78.95129166,28103.52563,0.058867471
28_213,28,213,0.032348902,5,1.105849165,6.587380663,1,70.57063393,464.8756293,0.000739665
28_214,28,214,0.039021753,7.5,1.126150622,8.852033983,20.03846154,72.68954746,12893.75498,0.026879274
28_221,28,221,0.042179019,9.666666667,1.056846124,9.923556661,36.53846154,65.45606476,23733.81227,0.049677375
28_222,28,222,0.064785684,12,1.134229405,17.59587738,54.30769231,73.53275015,70267.2706,0.14754351
28_231,28,231,0.038928585,7.5,1.136563772,8.820414284,20.03846154,73.77639375,13039.79554,0.027186417
28_232,28,232,0.053872718,10,0.74530693,13.89220074,39.07692308,32.93994482,17881.92534,0.037370068
28_241,28,241,0.038842582,7.5,0.930197379,8.791226281,20.03846154,52.23742049,9202.282408,0.019115609
28_242,28,242,0.03908278,7.5,0.731885544,8.872745439,20.03846154,31.53912139,5607.534932,0.011555371
31_5,31,5,0.029834335,8,0.745595069,5.733979216,23.84615385,32.97001859,4508.101109,0.009243113
31_9,31,9,0.041344687,8,0.908046686,9.6403985,23.84615385,49.92549756,11477.19419,0.023900056
31_11,31,11,0.112279389,9,0.998495895,33.71443966,31.46153846,59.3659063,62969.90005,0.132196156
31_13,31,13,0.04517427,7.6,1.024328753,10.94009445,20.8,62.06214589,14122.48735,0.029463464
31_14,31,14,0.053493465,8.142857143,1.176818821,13.76348857,24.93406593,77.97791328,26760.43934,0.05604278
31_15,31,15,0.049652034,8.5,0.913088304,12.45977178,27.65384615,50.45170377,17383.66992,0.03632217
31_18,31,18,0.028823561,7.6,1.034828922,5.39093933,20.8,63.15807466,7082.012052,0.014656395
31_20,31,20,0.024078977,8.875,1.05928528,3.780707656,30.50961538,65.71064551,7579.587364,0.015702863
31_22,31,22,0.059167229,8.142857143,0.99783017,15.68906838,24.93406593,59.296423,23196.30204,0.048546919
31_24,31,24,0.041772147,8.857142857,1.159553365,9.785471004,30.37362637,76.1758748,22641.0118,0.047379069
31_28,31,28,0.046165309,8.142857143,1.188590095,11.27643637,24.93406593,79.20651046,22270.28923,0.046599389
31_31,31,31,0.307591279,9.055555556,0.989366234,100,31.88461538,58.41302092,186247.6706,0.391465923
31_33,31,33,0.055180236,8.1,0.923046371,14.33595028,24.60769231,51.49105203,18164.73803,0.037964862
31_122,31,122,0.044877826,8.5,0.915178668,10.83948623,27.65384615,50.66988026,15188.47318,0.031705375
31_134,31,134,0.034904063,9,0.860341503,7.45455918,31.46153846,44.94638909,10541.36205,0.021931874
31_142,31,142,0.015885559,10,0.934491546,1,39.07692308,52.6856134,2058.791662,0.004091886
31_143,31,143,0.032091297,8,0.92734414,6.499953991,23.84615385,51.93962086,8050.584248,0.016693433
31_145,31,145,0.074014184,10,0.96372264,20.72787468,39.07692308,55.73653529,45145.56605,0.094709179
31_151,31,151,0.037169729,9.1,0.890045908,8.223488009,32.22307692,48.04671166,12731.7101,0.026538472
31_152,31,152,0.043847374,10.5,0.815087483,10.4897681,42.88461538,40.22311453,18094.35482,0.037816836
31_156,31,156,0.139456192,10.5,0.946134092,42.93778806,42.88461538,53.90077477,99251.29801,0.208500826
31_157,31,157,0.047198809,9.5,0.918631716,11.62718876,35.26923077,51.03028353,20926.60092,0.043773431
31_161,31,161,0.092426526,11,0.779650097,26.97671284,46.69230769,36.5244265,46006.34939,0.096519523
31_162,31,162,0.065653879,8.5,0.882422287,17.89052812,27.65384615,47.25101541,23377.05772,0.048927072
31_171,31,171,0.04056499,9.636363636,0.891063379,9.375782497,36.30769231,48.15290767,16391.87701,0.034236296
31_173,31,173,0.052231286,8,0.883005121,13.33512656,23.84615385,47.31184724,15044.7643,0.031403136
31_184,31,184,0.073224028,12,0.884850576,20.45970888,54.30769231,47.50446191,52783.1375,0.110772022
31_191,31,191,0.060002444,13,0.889899804,15.97252631,61.92307692,48.03146245,47506.38133,0.099674292
31_192,31,192,0.060036056,13,0.676403673,15.98393359,61.92307692,25.74834061,25485.04707,0.053360458
31_201,31,201,0.041533906,9.5,0.893904297,9.704616311,35.26923077,48.44942127,16582.99428,0.034638241
31_202,31,202,0.054882297,9.166666667,0.814599807,14.23483484,32.73076923,40.17221457,18716.92148,0.039126178
31_203,31,203,0.056544547,8.75,0.697070177,14.79897445,29.55769231,27.90535503,12206.45899,0.025433798
31_204,31,204,0.060137181,9.166666667,0.746983549,16.01825389,32.73076923,33.11493766,17361.8231,0.036276223
31_205,31,205,0.0537647,8.6,0.866514628,13.85554122,28.41538462,45.59069348,17949.53622,0.037512263
31_212,31,212,0.0431305,9.285714286,0.986920965,10.24647324,33.63736264,58.15780212,20044.92026,0.041919138
31_213,31,213,0.048668333,7.5,0.906625304,12.12592023,20.03846154,49.77714439,12095.08879,0.025199571
31_214,31,214,0.037532953,9,0.926926761,8.346760219,31.46153846,51.89605792,13628.00433,0.028423499
31_221,31,221,0.039769146,9.666666667,0.857622263,9.105686244,36.53846154,44.66257522,14859.58565,0.031013681
31_222,31,222,0.037888165,9,0.935005544,8.467313325,31.46153846,52.73926061,14049.45971,0.029309877
31_231,31,231,0.036894543,10,0.93733991,8.130094665,39.07692308,52.98290421,16832.62013,0.035163238
31_232,31,232,0.036329899,10,0.546083069,7.938463848,39.07692308,12.14645528,3767.960893,0.007686499
31_241,31,241,0.045441317,9,0.730973518,11.03072558,31.46153846,31.44393095,10912.41491,0.022712249
